"X_gauss_1","X_gamma_1","Y_pois_1","Y_nb_1","NoiseC1","NoiseD1","TrueCluster","PredCluster"
-2.66508741462453,1.08754426125654,"0","1",0.568690435495228,"6",1,1
-4.86927176387544,3.20786894429719,"0","0",0.154796714661643,"0",1,1
0.0554869546651026,9.59069952504603,"3","7",0.708861059742048,"8",2,2
-3.95093308680808,1.35922831675248,"0","3",0.597334322752431,"2",1,1
3.4216442716391,9.24659240608443,"14","19",0.647304628510028,"2",3,3
3.001261344004,2.09089183995241,"18","5",0.261449871351942,"5",3,3
-4.0024327800066,3.7709372230273,"1","5",0.799365304177627,"6",1,1
0.655511882812969,6.6867337885652,"4","13",0.273492360021919,"7",2,2
5.47684227897655,5.58655215450761,"18","2",0.0547544558066875,"1",3,3
-5.90915278827921,4.21988722309403,"1","3",0.708533864701167,"3",1,1
3.29756052668759,7.58289572314674,"16","30",0.64486172166653,"0",3,3
-4.31143021801192,4.66643195993447,"1","11",0.549379909178242,"3",1,1
-5.66315703066738,2.14055748966349,"3","1",0.0757541065104306,"1",1,1
-0.75053344179229,9.67992106467573,"6","7",0.761010939022526,"9",2,2
3.22264824081849,6.96556502384617,"10","30",0.720136095769703,"7",3,3
-4.7225696998596,1.31445980732359,"1","2",0.205057755345479,"1",1,1
-6.18883459914707,3.01247774306671,"1","1",0.445004712091759,"2",1,1
0.213418550286554,5.24260532705867,"7","7",0.534559771418571,"6",2,2
3.36807706374517,8.19577091539825,"15","13",0.92324192635715,"4",3,3
5.52049119383216,6.08591706044569,"6","21",0.429197279270738,"1",3,3
-3.20404405058492,1.86751398383488,"1","3",0.847394708776847,"2",1,1
-1.4535295651328,2.58618933237707,"5","7",0.846996892010793,"3",2,2
-3.90160457899416,1.92893760137691,"1","7",0.847405025502667,"5",1,1
-4.59377098423315,3.05871013502431,"0","9",0.488862266764045,"0",1,1
0.888281168634515,5.75794141942667,"11","5",0.641021742718294,"1",2,2
4.05307041549867,3.54389460628472,"21","15",0.212744483258575,"9",3,3
3.44297637415534,6.47388956128366,"19","9",0.223502494161949,"9",3,3
-3.56160296382728,5.34632215125432,"0","3",0.763866575667635,"8",1,1
4.15260815864242,6.47298572202781,"16","16",0.616625781171024,"0",3,3
-4.16461758174956,3.87341474487648,"0","4",0.700317536480725,"10",1,1
-1.98010937852403,4.62637519720614,"0","4",0.995643222006038,"10",1,2
-4.52938588631726,0.733629662112558,"0","5",0.792580699548125,"3",1,1
3.52921302701596,5.56854365246672,"18","12",0.512075940612704,"2",3,3
-5.54593692401752,4.45605973543053,"2","8",0.567709797993302,"8",1,1
-0.0405267232951771,3.2287187158753,"6","11",0.761727561475709,"5",2,2
-3.10964369452932,1.36652976968595,"2","6",0.201111250091344,"9",1,1
-2.07138785092921,1.88982706833605,"13","5",0.447008374845609,"3",2,2
-0.250065120073019,6.89437720499941,"13","4",0.0687194515485317,"9",2,2
-5.18165042665332,6.14339548797847,"3","3",0.919299846282229,"2",1,1
5.44193726501691,6.1154639244886,"13","5",0.864455091301352,"6",3,3
5.35789553887886,8.61561203094967,"12","30",0.438076078891754,"9",3,3
4.33450284734065,10.9488147715684,"11","24",0.825169586809352,"7",3,3
1.42933808040023,3.71444847140422,"7","8",0.274726316332817,"5",2,2
-4.86731785087868,1.54985045824693,"0","2",0.51542873843573,"7",1,1
4.95065172497189,10.2348165022479,"11","24",0.946967785479501,"10",3,3
-4.58501150863323,4.14689964460741,"1","0",0.00831335363909602,"10",1,1
-3.67904247747437,1.72199491207463,"2","11",0.706861843820661,"6",1,1
3.70060398333509,6.1388911963776,"15","6",0.461649069795385,"0",3,3
-4.27854308329307,0.999285599977085,"0","2",0.930032225092873,"2",1,1
4.54611515832953,5.31795304964476,"12","17",0.793620023177937,"7",3,3
2.69617884635513,7.4307863476762,"16","19",0.420259248930961,"6",3,3
3.74908553495754,7.12505874647094,"18","14",0.311531044542789,"2",3,3
4.17100737371791,6.48892854142783,"13","7",0.644188973587006,"1",3,3
-4.40346747874751,1.86214845019641,"1","2",0.622349116019905,"2",1,1
0.104659440835727,4.81883178938352,"10","9",0.934593808604404,"7",2,2
-4.31888078673401,7.52416174193966,"1","8",0.149747575167567,"3",1,1
-2.38165606411657,8.98224086790899,"1","3",0.173507187282667,"3",1,1
0.714188601488617,6.18041611906786,"6","11",0.696232652757317,"1",2,2
2.96586536983324,4.2925181471292,"13","5",0.567511215806007,"5",2,3
3.20492239544079,4.88370677031328,"9","21",0.0915135273244232,"5",3,3
-3.18563408532009,3.02401514372335,"0","5",0.00855572940781713,"3",1,1
-1.90196918986963,3.45769440937888,"2","2",0.29054864984937,"0",1,2
-3.69901994484743,1.75465462761846,"0","5",0.559624068439007,"2",1,1
2.91692485816077,12.5821332167751,"16","24",0.891710303490981,"7",3,3
-5.00632250180328,0.653621461465764,"2","2",0.149816947523504,"6",1,1
-0.035414564917612,2.16383414548504,"7","6",0.412090713623911,"8",2,2
1.30912436085341,8.18695244627272,"12","5",0.297616458963603,"4",2,2
-3.24959951335328,0.967739417984353,"2","2",0.922335932729766,"3",1,1
-6.13836832761242,2.92150327525459,"2","3",0.0491457874886692,"0",1,1
-0.700354108866634,7.38821413785777,"10","8",0.642582455417141,"1",2,2
-0.00905647529298544,7.73714411576979,"9","14",0.643606594996527,"9",2,2
-1.45813348724477,5.91906152915116,"7","6",0.89099655719474,"0",2,2
0.694529646494869,1.11748071074691,"11","9",0.828125689877197,"10",2,2
1.53866452481351,7.17657618306564,"15","10",0.473472460638732,"2",3,2
0.143289764040456,5.89831171381868,"9","5",0.643437582766637,"3",2,2
-4.39122211912706,0.599081781527401,"0","1",0.752083135070279,"2",1,1
-0.491164085614075,7.39788981791268,"10","8",0.534251524833962,"5",2,2
3.71635254754795,6.41917982694754,"22","5",0.703074236400425,"4",3,3
4.31479480470784,5.76642784305513,"15","13",0.0690886925440282,"3",3,3
0.396326577938989,3.71257228143579,"6","7",0.351450671209022,"1",2,2
3.77439628896404,10.944785613859,"20","8",0.0925132140982896,"2",3,3
-1.92495043034056,6.27629248952105,"6","8",0.944758443627506,"5",2,2
2.56077070167802,2.87044357981966,"12","11",0.633494263514876,"8",3,3
2.5303422260276,5.29794480461118,"12","13",0.813403354492038,"5",3,3
-3.23813655310807,0.431831619299229,"2","4",0.987525492208079,"3",1,1
3.75638501812872,11.7147045837559,"18","11",0.204807848902419,"0",3,3
0.269676607418008,11.3177260575867,"10","7",0.369947757339105,"3",2,2
-1.55892752095582,6.13006153984231,"9","3",0.88282894785516,"6",2,2
-0.535588006696314,3.52482235831115,"9","11",0.983244355767965,"7",2,2
0.562451973173495,1.31275027845681,"15","9",0.315779086202383,"1",2,2
-4.17832612341992,4.23406972943072,"1","4",0.314337616320699,"2",1,1
-0.115135986202651,12.0283102885194,"10","12",0.00442174565978348,"6",2,2
-0.0720614721063666,7.02289724587699,"16","5",0.410309807397425,"9",2,2
-2.7890901930737,0.655700932493286,"0","3",0.41221646219492,"0",1,1
-4.6148969007997,6.957616903634,"3","6",0.556926630670205,"1",1,1
-3.3238735416853,0.780557564550235,"3","7",0.177057368913665,"4",1,1
0.898599605537552,2.0510802800125,"9","6",0.834466078551486,"10",2,2
2.81068209647898,3.43405888595058,"11","23",0.341707679908723,"8",3,3
-3.87874115018099,1.15890857131621,"3","2",0.985568650066853,"0",1,1
3.98877831386959,4.24088822443629,"15","17",0.273488474776968,"8",3,3
5.02914071931376,8.59585916938808,"12","21",0.774465307127684,"5",3,3
0.914774867719613,2.95534020124671,"13","4",0.00726557825691998,"9",2,2
-0.00245626667956324,7.11864953568221,"10","10",0.312556605786085,"0",2,2
4.13600955241373,8.0989961544488,"12","9",0.307495575863868,"2",3,3
-4.72015354494313,3.77185289148415,"1","6",0.271753362147138,"10",1,1
-4.19812433005122,0.59814862147298,"0","5",0.832193705718964,"4",1,1
-5.02920880604827,1.61145173611394,"1","8",0.71270515746437,"8",1,1
-4.96695589585262,1.97971558091594,"1","4",0.0460019912570715,"7",1,1
2.77918691108091,8.91112961445026,"15","27",0.170305692823604,"1",3,3
0.836207703944837,3.29690370325005,"11","8",0.926555586280301,"10",2,2
5.1149717984954,8.06020633548318,"13","14",0.288339622318745,"5",3,3
-4.41294485292709,1.65600632627615,"2","3",0.936931825010106,"9",1,1
-5.12897739800683,1.43824747734057,"2","2",0.512671253876761,"10",1,1
3.91206866822295,8.30090378045967,"16","11",0.171814145054668,"5",3,3
6.24190369331262,6.36795127699607,"16","13",0.095498010981828,"2",3,3
6.04131317075049,6.59836165583548,"8","14",0.989123638952151,"8",3,3
-1.71980033672145,3.94173580382713,"8","5",0.892063084989786,"3",2,2
3.64309334387761,3.54432499222669,"14","11",0.135793541092426,"4",3,3
5.53328049216229,11.1041668892921,"15","15",0.589706593425944,"9",3,3
-4.03824409661024,0.72395461077483,"2","1",0.557119858451188,"4",1,1
5.59741324232643,5.19989106956596,"12","11",0.120000551454723,"3",3,3
3.66641460669012,11.3500003742388,"14","23",0.34663093695417,"9",3,3
4.60498592391538,9.711775582818,"12","32",0.221695777727291,"7",3,3
4.22424123925025,9.97583989906611,"15","15",0.896072689909488,"1",3,3
-0.770930504519942,2.94110910180698,"1","3",0.373213209444657,"6",1,2
4.92045256677252,6.19654953736761,"14","20",0.105012879706919,"5",3,3
-5.20653906921592,2.27868127649994,"0","3",0.402646753471345,"6",1,1
-4.60388116916327,0.270227969609258,"0","6",0.322056944249198,"0",1,1
0.370235284622062,2.20501836584276,"9","5",0.701783188153058,"3",2,2
-5.90100064667961,1.8463462264936,"1","1",0.0683169304393232,"6",1,1
-5.80440994496324,3.00742054660687,"2","4",0.724074591184035,"6",1,1
2.87817739364478,6.76423343730526,"10","21",0.799044897546992,"0",3,3
3.65207039344086,5.91279677447863,"13","18",0.532184660434723,"1",3,3
-2.76109785136802,4.85910305309035,"0","3",0.716466075740755,"5",1,1
-4.27419756485228,2.18338655159877,"3","13",0.131739282747731,"9",1,1
4.16238071555819,4.96108679969667,"23","12",0.448636286891997,"4",3,3
-4.06460690975306,4.44155112859468,"0","0",0.615352618973702,"6",1,1
-0.705237097025142,2.77428173303737,"10","3",0.210701760835946,"9",2,2
-2.63780273124901,1.36038909463237,"2","5",0.274476563092321,"6",1,1
2.90348681191668,12.3599508377765,"15","18",0.165212287800387,"5",3,3
-0.228433518546891,4.11219630201452,"9","8",0.275386875262484,"5",2,2
-0.347828080610269,5.76638167515497,"8","7",0.53651875955984,"4",2,2
4.53212861950673,6.74591070379799,"20","15",0.153134655673057,"9",3,3
-2.39276543773881,0.60386097709014,"0","4",0.0809731846675277,"5",1,1
-3.48618547388341,0.831846786809837,"0","7",0.929731159005314,"2",1,1
-2.61762683942697,1.54254007828384,"1","6",0.980170530965552,"0",1,1
0.763097048549903,1.20955318134354,"13","7",0.296666408656165,"10",2,2
-4.62458454463411,4.29710330334177,"2","4",0.135233820416033,"2",1,1
0.0815438004289869,6.49898518413969,"11","12",0.958712426014245,"6",2,2
1.37607911136477,2.68394515994807,"8","7",0.470457163639367,"0",2,2
-5.56126578615704,2.02089501944059,"1","7",0.00773102720268071,"7",1,1
0.324770660594699,4.4330343431699,"9","10",0.274276208598167,"2",2,2
-4.15679031695224,4.97609311166987,"0","2",0.602535513462499,"9",1,1
4.87778386073435,4.20803363553774,"14","18",0.397710553370416,"1",3,3
-3.24983342481936,6.29446967265911,"1","4",0.790862006600946,"2",1,1
-3.69894659615717,2.36028144363709,"2","8",0.46810064651072,"10",1,1
1.49281111722931,6.98502391330409,"9","4",0.710885006468743,"1",2,2
-1.5254938001697,3.05135484210875,"6","8",0.705767929088324,"10",2,2
0.910717558486022,6.98651875108865,"7","3",0.568729121470824,"4",2,2
-5.57953202785754,1.93020019935485,"0","3",0.204061660682783,"4",1,1
-3.41228374288142,2.59964299881105,"0","3",0.00751478155143559,"0",1,1
4.08964229600072,9.36091834948223,"18","29",0.165676439879462,"1",3,3
4.96726165694984,7.02215804980526,"16","8",0.565336850006133,"1",3,3
0.0788123529148234,1.28715756276083,"7","8",0.784620980266482,"2",2,2
2.43130016351391,5.11629376445183,"15","10",0.803103470709175,"8",3,3
-2.00782318401609,0.467641530123663,"5","2",0.977868187241256,"1",2,2
4.54097352423876,6.98215378798509,"10","15",0.839178466238081,"8",3,3
-0.0733765981084255,3.45527445207406,"16","4",0.763965950580314,"6",2,2
-0.571018393558081,3.02364154415365,"11","1",0.234488970134407,"7",2,2
-0.311068459853641,3.58853470684429,"17","8",0.671639308333397,"10",2,2
-4.67141506710137,2.27840360684983,"0","3",0.570271440548822,"8",1,1
3.84265954791902,9.6005340375112,"15","11",0.574902300024405,"1",3,3
3.06869492900013,8.5919288637008,"10","26",0.178566135233268,"3",3,3
2.01699052052987,6.5873913213855,"11","21",0.530764478025958,"10",3,3
3.78040019575062,8.00629557800108,"14","9",0.433103664079681,"8",3,3
1.04527586946239,4.4551826110714,"16","17",0.0268785217776895,"2",2,2
-2.12267043370033,4.45775480507165,"0","9",0.344940156908706,"7",1,2
4.00260619595717,10.0068283166652,"17","10",0.716473440639675,"4",3,3
-4.08066993470917,0.413517967246778,"0","6",0.301148453960195,"8",1,1
-3.03701771876013,0.620470705851135,"1","0",0.307098306249827,"10",1,1
-3.94642898345348,4.31310856831724,"0","2",0.690218593692407,"7",1,1
-4.43489840891004,0.890143697210879,"1","2",0.617253420408815,"0",1,1
-1.73729725534231,2.42048792452239,"12","1",0.755760577041656,"8",2,2
-1.26369559978243,4.21542161139137,"7","11",0.93354159896262,"1",2,2
-3.59369148793073,2.47220675003769,"2","0",0.622793281916529,"2",1,1
-5.45965396777976,1.98339193440269,"1","4",0.444897164823487,"3",1,1
-2.9515426298453,3.47838928924603,"1","6",0.351857658941299,"8",1,1
-5.3464305394502,1.16872980709093,"2","0",0.719398811925203,"9",1,1
-0.193570558113494,7.96197509663454,"4","10",0.654659518273547,"4",2,2
-0.00233595711367605,3.56608487231108,"7","7",0.23881871951744,"2",2,2
-0.0128297338671881,4.12570359490373,"8","7",0.309230877319351,"7",2,2
-3.8480526780156,0.724127714212784,"1","3",0.92029621056281,"2",1,1
0.598511131401079,8.43188139598701,"9","11",0.95224938262254,"1",2,2
-0.126212437298279,7.76707123156035,"7","6",0.923431048169732,"8",2,2
-0.248535565846776,2.97438409077045,"6","4",0.45727731869556,"6",2,2
0.160327394904622,2.29052908866456,"9","9",0.780073593137786,"8",2,2
3.56635805840273,5.76263527048526,"16","13",0.268335297470912,"3",3,3
1.53741241910027,3.14300276749661,"10","5",0.787484960863367,"10",2,2
-6.17024657661608,3.05996047214284,"1","5",0.186066801892594,"4",1,1
-2.97299538070857,4.0453096980022,"0","11",0.616610347060487,"0",1,1
-4.24848293318993,0.699586589938062,"0","5",0.520668818615377,"2",1,1
4.42232038583239,5.21430094533361,"14","13",0.647022623801604,"4",3,3
-3.01234670636033,2.0444118616336,"1","3",0.64261564752087,"6",1,1
4.83556817203502,5.47625173264771,"15","12",0.691668753046542,"3",3,3
-0.660521859045705,8.75789153851174,"8","9",0.717525812797248,"1",2,2
5.56406949329184,5.97461236878493,"10","20",0.432448266306892,"9",3,3
-5.62297593529155,0.418466484479381,"1","10",0.529196469113231,"3",1,1
4.86389637347899,3.0745897007441,"14","15",0.290702385362238,"6",3,3
-0.5116027734362,4.58715581037458,"7","3",0.183649414684623,"1",2,2
-1.9173650254454,1.68704938572523,"9","9",0.380721295019612,"3",2,2
2.13418615138005,8.59659978756629,"22","18",0.581570502137765,"3",3,3
4.24517906343969,4.72533048499599,"17","5",0.701780811417848,"1",3,3
6.22353430190807,4.98868729751416,"19","14",0.768802896374837,"2",3,3
0.273376064144465,2.31356436607793,"8","10",0.349922549910843,"6",2,2
5.13078479452828,6.4032088496322,"13","22",0.70837058709003,"2",3,3
-3.1613306259399,4.15961848030319,"1","10",0.0270282553974539,"1",1,1
3.34538472212179,9.44717100368644,"12","34",0.664536333177239,"6",3,3
4.9539609784794,9.85196022664523,"16","8",0.770150790922344,"6",3,3
4.35295146548932,10.1402727732162,"17","15",0.645189496222883,"2",3,3
-3.79340070735039,2.82541049639582,"2","6",0.593149631982669,"8",1,1
5.00111323431025,7.17998615815674,"10","6",0.187749308533967,"4",3,3
0.747451991640276,2.32898698434156,"7","12",0.249476823257282,"0",2,2
3.37342516327686,8.65874277503148,"15","16",0.779747353401035,"6",3,3
-3.60477631406329,6.12212399776723,"1","4",0.407338476274163,"6",1,1
-0.892167954045577,4.43888683760785,"8","8",0.296413072384894,"7",2,2
-3.36918158990823,3.2723248472724,"1","3",0.657185007585213,"10",1,1
-0.432705183284567,6.05441111787765,"12","15",0.998689862433821,"10",2,2
0.452138644218517,2.54539442981944,"13","4",0.950044377008453,"0",2,2
0.367999045196345,6.38140452182636,"11","5",0.112761679571122,"8",2,2
-0.270387489661909,1.9653065181158,"11","11",0.857931891223416,"0",2,2
4.46551261771298,4.0499665157231,"18","10",0.269893273012713,"2",3,3
0.574356225626969,4.73165310323617,"10","4",0.272155583603308,"2",2,2
-0.230699990157411,8.27936316511983,"8","5",0.717345966259018,"4",2,2
1.17224250830245,5.53950860093782,"8","6",0.993157722288743,"4",2,2
-2.60729729326688,4.24461588752839,"2","1",0.462205498479307,"2",1,1
-4.66199125570958,1.34818841776385,"0","6",0.902697042562068,"7",1,1
-0.777369206725014,4.86497343084454,"10","1",0.251312197186053,"7",2,2
-3.48646142109122,2.95511989034546,"0","3",0.687547306530178,"6",1,1
3.08668776195873,9.77518885891543,"12","8",0.840682843700051,"7",3,3
3.5505761947497,6.72216937241689,"15","16",0.647864348487929,"0",3,3
0.802932699103618,3.15487412994582,"11","10",0.871120066614822,"9",2,2
3.4265231490189,6.47479066161641,"8","9",0.310335533460602,"7",3,3
-1.92812516784833,3.99853328056774,"13","6",0.96241776808165,"3",2,2
0.664390833822148,1.3039178681805,"9","6",0.706113303778693,"6",2,2
2.39745977620575,8.36960000628615,"17","11",0.26013554749079,"10",3,3
2.64539974254615,5.92737623171444,"15","12",0.746933674905449,"3",3,3
-3.0179326794179,6.26294595390401,"11","7",0.0110443434678018,"2",2,1
0.831237822230063,0.97212239146194,"6","6",0.451491991290823,"10",2,2
4.25109708884734,5.4102424965176,"16","17",0.806757127866149,"8",3,3
-3.53770653405867,1.24545401645991,"0","7",0.677922370145097,"9",1,1
4.84479222322324,7.49788114498341,"11","16",0.678049423731863,"9",3,3
-0.0419715243215621,6.30238857890606,"9","5",0.193889413261786,"4",2,2
-1.10557590570003,5.73096241430412,"9","8",0.850091310450807,"0",2,2
4.56377565233087,7.00273731118957,"14","17",0.879420512123033,"8",3,3
1.30336475581967,5.84178359537787,"6","4",0.688694746699184,"3",2,2
-5.50022093779466,2.00307087674105,"1","2",0.464203904615715,"0",1,1
-0.606989235119036,6.03940530488809,"12","7",0.172052246052772,"2",2,2
3.70775493434342,7.33771858476156,"15","18",0.0337834868114442,"9",3,3
2.7103166566764,14.6626873952074,"21","15",0.29539774148725,"9",3,3
4.6941058487747,5.75367166526218,"15","4",0.32448055758141,"10",3,3
-4.59918190289712,4.30483229756471,"2","4",0.663892347132787,"5",1,1
1.25690664397164,1.94101097930548,"9","7",0.607319434639066,"9",2,2
0.053508013627363,6.13484171411494,"13","7",0.902455197414383,"1",2,2
-3.27190748232815,2.33362623663625,"1","7",0.728277218295261,"9",1,1
5.56109806821061,6.4852494088813,"17","13",0.808812277158722,"7",3,3
0.26562475359719,5.78082503073436,"8","12",0.123887703055516,"4",2,2
-2.92327374079273,1.32593499334258,"1","4",0.253447606228292,"2",1,1
0.210697931679245,5.41638258077151,"8","4",0.522708945907652,"9",2,2
-5.51167352582237,2.28470014823031,"0","1",0.367588562890887,"10",1,1
-3.97759774008638,0.398285188580861,"1","7",0.459809202002361,"3",1,1
0.718136206042103,1.81815387105824,"3","2",0.904244887409732,"10",2,2
-3.51054298215773,2.00946057266045,"1","3",0.316898205317557,"8",1,1
3.82611165412173,4.03722402575478,"13","8",0.194505491759628,"7",3,3
-1.2176994886684,5.13317995979618,"8","6",0.171043029753491,"4",2,2
-3.35360163129054,5.04908945830105,"0","2",0.0291193497832865,"8",1,1
3.08354397165211,6.63935306146213,"14","25",0.0870328408200294,"10",3,3
-1.25182344242557,3.19550956065953,"5","14",0.661045969463885,"1",2,2
4.5949277184055,9.20153089646266,"12","17",0.589956921292469,"2",3,3
2.76718933481017,5.92695242643671,"7","4",0.30363179044798,"4",3,3
4.24436441490614,5.10954837836302,"21","33",0.133781324839219,"5",3,3
4.00277218534359,13.5951971985693,"19","7",0.561618062434718,"8",3,3
-1.32820968602556,3.50026440912187,"10","9",0.214161585317925,"5",2,2
1.17969641183277,4.65623092757256,"4","12",0.207248453516513,"5",2,2
-4.59280499914893,1.0204411084558,"0","3",0.781075366772711,"8",1,1
1.19997831633667,2.27282003084521,"8","4",0.475757458480075,"0",2,2
-0.475033679612135,1.90059565206448,"6","6",0.303270749049261,"4",2,2
3.42494290384918,3.8287264809216,"18","24",0.0881503766868263,"2",3,3
-0.031226024608499,7.2973645656596,"11","13",0.621794404927641,"2",2,2
3.64194300402154,5.23787596074972,"18","18",0.252760792616755,"7",3,3
-0.356601077647731,2.45007414343266,"8","2",0.847763576311991,"2",2,2
-4.87766438343373,3.28747304864623,"3","3",0.178531423676759,"3",1,1
-5.21289712517796,1.72657735842928,"2","0",0.582246973179281,"8",1,1
0.613286618687034,5.95112907920875,"4","10",0.863477323204279,"6",2,2
3.19379665853752,7.88591900126941,"23","20",0.531022064620629,"6",3,3
-1.3764569299089,6.07836115163198,"6","5",0.947028000140563,"4",2,2
-0.507847899163547,3.2133261301752,"9","8",0.273762467317283,"5",2,2
-4.80093548673734,1.52512383360208,"2","0",0.12231750623323,"6",1,1
1.80721431432993,6.07382115853074,"15","23",0.222284093033522,"4",3,2
-0.290937149267675,4.88395714096282,"7","5",0.38200193317607,"5",2,2
0.167174121160518,2.62334262046387,"5","5",0.193463190225884,"4",2,2
4.29469235648569,3.2106567880908,"19","17",0.116296833613887,"9",3,3
4.39274126542073,3.32064462505381,"23","27",0.638587635010481,"9",3,3
-1.00084371300082,6.29063459138029,"6","18",0.923729385249317,"5",2,2
-0.325727119823434,3.79420449744533,"5","2",0.0312910976354033,"10",2,2
-5.00834880542884,4.06805009303221,"0","6",0.612214230699465,"4",1,1
-4.63543148203377,4.27663668279673,"2","3",0.662599770585075,"6",1,1
2.79015931201266,10.8028537782735,"24","21",0.488230111310259,"5",3,3
-1.11646380065269,9.44382085229351,"9","13",0.119610992958769,"1",2,2
0.629881162575935,2.28048424713226,"5","10",0.783098137471825,"5",2,2
-0.272521570178626,6.54060063035382,"6","8",0.567956309067085,"6",2,2
-0.258841168378671,2.15947105788392,"10","2",0.25663122581318,"9",2,2
-2.27044182010851,3.32163467985893,"4","5",0.897255840711296,"1",1,1
3.94160783459263,6.69953498552849,"18","21",0.513383478391916,"8",3,3
-0.537063784608919,1.11843567542895,"6","7",0.696803129045293,"3",2,2
0.74728669616574,1.63880365941128,"9","10",0.451124339364469,"4",2,2
-4.48725783538973,1.5976058126021,"1","6",0.39275327580981,"1",1,1
1.3729077814795,3.90971738854996,"11","8",0.276500098640099,"1",2,2
3.62232763935378,6.07500128333085,"10","9",0.623530419310555,"6",3,3
-4.61615261411839,2.61695696673507,"0","5",0.10091283544898,"3",1,1
-5.16812505107469,1.44525898917029,"0","3",0.0487916744314134,"10",1,1
4.32864035859109,8.6030549604839,"13","10",0.368373455712572,"10",3,3
5.46651062744017,6.7307645495211,"14","18",0.290247450349852,"7",3,3
-0.356009545088913,5.21479490955148,"6","17",0.929293863708153,"9",2,2
0.261467641877431,3.67204576423946,"11","5",0.394093170994893,"1",2,2
4.33332885517573,9.44503373616572,"14","10",0.893618305213749,"8",3,3
-2.57780675969046,3.54821214887248,"4","6",0.0036713054869324,"2",1,1
4.66387660066617,5.6868811910561,"16","24",0.901763721369207,"5",3,3
-5.07365515569531,8.58597251174848,"1","7",0.961223875870928,"7",1,1
-4.69690177466674,0.80613382504353,"1","6",0.921571103157476,"8",1,1
-4.74613045693456,2.16867110920484,"1","3",0.62875383743085,"5",1,1
-3.85842712786778,6.26431372070158,"2","4",0.104753621853888,"9",1,1
-0.00394722073065307,7.40521804554547,"9","11",0.852682332275435,"9",2,2
0.367937501091765,3.21562805462757,"6","12",0.230085672577843,"3",2,2
3.34265708530275,9.45271557083299,"16","17",0.491716737160459,"6",3,3
-4.37634667016105,2.04518944124487,"1","5",0.338522591628134,"1",1,1
4.74136006042508,7.28911217595068,"20","21",0.685748047893867,"6",3,3
3.90039324355153,11.592550695753,"20","21",0.682121136924252,"3",3,3
-0.654289878607095,4.18208874874498,"4","16",0.971801740350202,"7",2,2
-3.02883562593873,1.83255732517027,"0","3",0.16216655052267,"6",1,1
0.0134963115683865,4.38133860832967,"10","3",0.510799044277519,"9",2,2
3.08346533297845,3.45330373553845,"23","14",0.57475967053324,"4",3,3
1.70968856126164,1.86929821835775,"8","17",0.622328140540048,"1",2,2
-5.16810098994666,3.24306254274254,"0","3",0.0185254029929638,"1",1,1
2.21896373984748,5.50414974300341,"20","14",0.707076174439862,"3",3,3
-2.25313244856822,4.17791326327116,"4","15",0.394437654176727,"7",2,1
0.6511259695467,3.59632531254478,"10","4",0.648342375643551,"10",2,2
-4.53283262560277,3.61506104643905,"0","0",0.116083614295349,"0",1,1
3.72444064302772,6.72106920939869,"13","15",0.739263027207926,"7",3,3
-3.71037302737095,6.01276200292554,"1","3",0.186290345154703,"9",1,1
-4.46648406179076,2.35802348972791,"4","3",0.406737125944346,"7",1,1
2.39193982505531,4.83883009198536,"16","15",0.157998902723193,"6",3,3
2.05021620395801,8.63760294027064,"19","24",0.377615490462631,"5",3,3
-0.340699918230981,3.14844418332404,"16","7",0.731027272297069,"10",2,2
0.17472552733132,0.982571367788262,"11","7",0.123713279142976,"10",2,2
-6.27777756077723,2.64964468443,"2","1",0.161834733327851,"6",1,1
4.29052448094708,6.43832904934723,"15","14",0.369085485581309,"9",3,3
-3.57769364252639,1.79827647799437,"0","3",0.755411717807874,"6",1,1
-2.70526263679329,4.77568882357372,"2","1",0.338430139468983,"4",1,1
4.16471401857395,13.681044284663,"17","11",0.42211333126761,"1",3,3
4.20495384080024,4.83312587812763,"18","11",0.28221470117569,"2",3,3
4.60460362672581,10.4522630778566,"11","11",0.670458242064342,"2",3,3
3.98085923083107,3.83574798957258,"11","17",0.69392661540769,"10",3,3
-0.0797143473788086,9.04186071860945,"10","12",0.269090435933322,"8",2,2
-3.8840155355972,0.854247926175298,"1","0",0.615696603199467,"2",1,1
4.74417336404839,3.55776202099533,"13","13",0.403095967601985,"2",3,3
3.56870939647231,7.19071678361061,"10","13",0.139313150197268,"7",3,3
3.50047104808877,6.51800277050933,"16","25",0.346011589979753,"0",3,3
-4.86516207675571,2.18154613236496,"0","5",0.335650343447924,"5",1,1
3.04224271672813,5.44671649043634,"18","27",0.414137506624684,"6",3,3
0.326799971338638,7.23934465265937,"5","10",0.601001132046804,"2",2,2
1.54737222568518,6.25930487137959,"8","4",0.486424045870081,"6",2,2
-0.968859568864431,4.95866868709582,"6","11",0.636233578203246,"0",2,2
-4.18844042625946,3.00427180002048,"1","4",0.85913340956904,"7",1,1
-1.03000116145592,7.33376242553788,"7","15",0.545433357125148,"7",2,2
-3.0919135581395,4.73045282949638,"2","0",0.193556962069124,"6",1,1
-4.31738186470813,2.13840887206011,"2","4",0.272188166156411,"3",1,1
0.179003966540422,3.0005471401681,"13","2",0.273463929304853,"4",2,2
0.348028187729177,8.15268701614,"8","7",0.953118514735252,"6",2,2
-1.05427902127444,2.2925883390153,"4","10",0.110586460214108,"7",2,2
-4.1047442881107,7.43515361658365,"1","0",0.676649921108037,"6",1,1
3.77165738290547,5.55805499167544,"15","11",0.640302033396438,"0",3,3
4.67535556242754,10.3114938542267,"12","18",0.271270860685036,"6",3,3
2.76675530649369,6.95979735836761,"16","12",0.600391510641202,"5",3,3
-1.19996154442278,6.65156626544039,"8","2",0.893229510635138,"4",2,2
4.76586657661611,12.375467499155,"19","10",0.283981703221798,"1",3,3
-4.58809786128298,4.67114955602126,"0","5",0.338251365581527,"9",1,1
-0.660295829975576,3.44369301571106,"10","5",0.333965943660587,"2",2,2
-3.88698647780266,4.64566083913143,"1","9",0.95439893566072,"8",1,1
-0.320398799686039,10.7877173222249,"6","8",0.297356840223074,"5",2,2
1.86638149693879,6.27662650172307,"13","5",0.511974130989984,"3",2,2
-3.7404685442322,2.96726422602962,"3","2",0.292242783587426,"6",1,1
4.16156007091807,5.80319414271314,"12","12",0.145622970769182,"10",3,3
4.93107490933535,9.1128674552441,"11","16",0.998366206418723,"7",3,3
-0.0599467492596211,2.79553829367182,"11","8",0.67082565324381,"3",2,2
-3.95126029992255,3.59322222770104,"1","2",0.0134361539967358,"2",1,1
2.92712459926604,8.78926211863098,"9","18",0.891488171182573,"10",3,3
-6.29297143048067,2.86800443471737,"4","3",0.567847790196538,"9",1,1
-5.20720685006434,0.746994301732755,"0","3",0.209892825921997,"4",1,1
4.11410942979719,9.55824103878751,"14","11",0.788672879571095,"1",3,3
-1.03329707910538,6.17272016951185,"13","5",0.149725397117436,"6",2,2
0.688807752342063,6.39371478982776,"11","3",0.212707180297002,"2",2,2
4.72508301767486,5.39993284488765,"18","6",0.610774792963639,"10",3,3
4.21738021093909,2.48060445312667,"17","16",0.598292220383883,"9",3,3
3.79834326838162,15.036600497246,"16","18",0.0330247236415744,"0",3,3
-5.36568986058868,0.680698430982014,"1","9",0.35134281986393,"6",1,1
-0.30893760867716,5.04586930609278,"7","8",0.371464773081243,"1",2,2
-4.45290288653723,2.2611313238896,"0","2",0.917513650143519,"2",1,1
0.663229144519792,7.41648213565024,"10","5",0.282533592311665,"10",2,2
1.3086295367487,1.58010273978199,"8","9",0.616504351608455,"3",2,2
4.5010403098945,4.80737873951254,"19","13",0.74525743490085,"1",3,3
-1.12828853519737,8.0680211718242,"13","15",0.840177192119882,"10",2,2
5.67099730539817,5.98782925194272,"18","4",0.0326320447493345,"2",3,3
1.01035303245212,3.56448681562996,"10","7",0.344970460282639,"5",2,2
-3.77647878412554,1.53446386928268,"0","3",0.0638949282001704,"10",1,1
-2.20648459320962,2.51491806110382,"12","6",0.706806919770315,"0",2,1
-0.954585618553158,4.5843563835734,"9","7",0.395241822348908,"5",2,2
-0.0685730672102366,8.51520254167512,"11","8",0.551858598133549,"0",2,2
-3.23869409843473,7.98634353389859,"1","0",0.186427870299667,"8",1,1
2.82009580004171,8.46645366679235,"14","20",0.858529082033783,"2",3,3
3.21119895676729,7.06358899803404,"13","8",0.646152940113097,"7",2,3
-2.55382485095083,10.3807116928444,"12","7",0.844984217081219,"6",2,1
3.76406605066594,4.85722666289677,"14","18",0.393485090695322,"6",3,3
-4.25956264326143,0.591025721038474,"2","4",0.146382092265412,"8",1,1
-4.66336691661919,1.42275547306381,"1","8",0.28393472591415,"8",1,1
3.68100928917385,10.0070681601375,"13","5",0.822462590178475,"6",3,3
0.742395157572315,12.3478605042568,"8","5",0.92659260192886,"9",2,2
3.12570732421423,15.1919424072654,"15","16",0.650968150701374,"6",3,3
1.91718623369672,11.6481391281704,"11","14",0.019206962082535,"9",3,2
-3.90623209718978,0.666445185856762,"3","4",0.21421415056102,"2",1,1
3.9981801879972,6.68345323382649,"11","20",0.991693607065827,"1",3,3
3.98689934762843,6.12200656189035,"14","24",0.570348363835365,"9",3,3
4.6679680745581,10.3508321246665,"19","11",0.591051106341183,"3",3,3
3.98683229704784,5.28795624117214,"15","7",0.279941346729174,"5",3,3
0.776047030476303,4.31615596909868,"6","7",0.233645718311891,"6",2,2
-6.01073533263526,0.973721843313544,"0","1",0.814960368676111,"9",1,1
-1.1281804949718,8.23338162895381,"13","4",0.134699714137241,"0",2,2
4.34879957158572,5.31388975964307,"13","14",0.974842033581808,"6",3,3
-0.352898482096924,1.9212717546392,"5","6",0.143164220964536,"8",2,2
0.944774597917623,8.30844289307074,"8","10",0.773747748928145,"4",2,2
2.99528014747354,4.06278864401856,"19","10",0.762844219338149,"0",3,3
4.72390273249685,4.42935260780742,"15","5",0.105008337181062,"2",3,3
-4.66883274099036,2.82943138737125,"1","2",0.845190831460059,"4",1,1
2.8869598062842,7.24893312894578,"14","23",0.137974752346054,"5",3,3
-4.34280518936694,1.33843381457964,"2","5",0.242273506941274,"9",1,1
0.0497793231687396,3.92676491953015,"7","15",0.983107920736074,"2",2,2
2.77231803847446,16.6486807280496,"17","16",0.86827527708374,"8",3,3
-0.764005910827448,7.63199416463094,"11","10",0.713615695480257,"0",2,2
-5.24618206161788,2.77111780663578,"2","3",0.589398228330538,"8",1,1
5.01677397775977,9.69199065407181,"6","10",0.295253801858053,"6",3,3
0.723612624058863,3.10597645793121,"9","6",0.265680124983191,"0",2,2
2.96747286289489,2.26700117509116,"12","8",0.691424986347556,"9",3,3
4.55734600412276,7.72708541283466,"15","17",0.908395138802007,"6",3,3
-4.25558142309952,2.64745365099494,"1","4",0.185572438174859,"0",1,1
2.88660824285333,5.41648696489869,"14","11",0.774923562072217,"1",3,3
4.4211974396148,7.41970907749169,"23","12",0.122314842650667,"1",3,3
-0.322950311846374,2.17027087802712,"9","4",0.107404979877174,"2",2,2
0.880179901191522,3.15550142739802,"6","5",0.156931180506945,"9",2,2
-4.1948636067759,7.05031835204883,"1","3",0.800003038486466,"8",1,1
-2.81194501789622,3.98716743744451,"0","7",0.880988356890157,"1",1,1
-4.50976451176795,5.60976105974831,"0","5",0.909396362723783,"10",1,1
4.21954801087329,7.87584047340656,"18","20",0.598217240301892,"8",3,3
0.370294421364558,1.82161910973078,"8","4",0.415803859010339,"0",2,2
-3.72089160626939,5.31214341459256,"1","7",0.00256103184074163,"5",1,1
0.201942437313324,2.83472634843941,"9","5",0.27707734820433,"7",2,2
-0.0129965424313442,2.19338531347804,"9","5",0.456717198248953,"10",2,2
3.90913499392251,7.12090974210787,"13","14",0.787850271910429,"7",3,3
1.36503136531884,3.65746502059784,"7","6",0.772068720078096,"7",2,2
0.908130568883166,11.1514153922007,"7","12",0.939322153571993,"10",2,2
3.39011182859809,3.72379114972045,"20","23",0.262873748783022,"0",3,3
-2.60356277878055,3.85759156269642,"0","3",0.326396333286539,"5",1,1
4.14479837330845,5.84574060934027,"15","17",0.281219466822222,"2",3,3
-0.640606771595302,4.45333347076556,"18","7",0.668969005113468,"5",2,2
-3.83019774044147,1.29557322952514,"0","4",0.0729927774518728,"5",1,1
-4.15718748742084,4.31149795403854,"1","0",0.964814794948325,"7",1,1
4.1009395945461,2.99854069270843,"19","9",0.839429808082059,"8",3,3
3.02660584585172,8.21206049252149,"7","10",0.404085406335071,"5",3,3
3.1801747247468,8.27098539439067,"18","26",0.769130690721795,"10",3,3
-2.63708103097457,5.53968535377788,"1","6",0.358728169929236,"4",1,1
0.961370930531278,8.38336777989486,"4","11",0.497242679120973,"1",2,2
-4.88372447440111,0.719097964302199,"1","4",0.250653591472656,"9",1,1
-0.900092115436322,3.88163226485368,"10","9",0.774955042172223,"5",2,2
5.72333313279683,7.95016393952793,"18","24",0.139477359829471,"7",3,3
-2.09095783787107,2.85017735109317,"3","2",0.31196021172218,"1",1,2
-0.777141195855263,4.42888675463725,"8","7",0.0875095201190561,"10",2,2
-5.30230526261311,1.45508887775416,"1","7",0.781230893917382,"3",1,1
6.62349516681868,4.92397479038061,"21","7",0.723503769375384,"7",3,3
-3.77037108565319,9.68826719709903,"0","7",0.0681058424524963,"10",1,1
0.186749892141885,6.86705961226754,"9","2",0.385129699483514,"2",2,2
0.0761366349502805,6.68657075065436,"8","9",0.859417747939005,"1",2,2
1.40486018632133,3.94531238250418,"13","9",0.0786909589078277,"1",2,2
-4.19172223533632,6.77742888376154,"2","2",0.143416767474264,"1",1,1
5.45939216415609,10.6578773022234,"15","8",0.695940105477348,"4",3,3
-4.22065545113454,0.538828789534407,"1","4",0.465969513868913,"4",1,1
4.50514588627314,6.71814985974895,"11","16",0.272747376933694,"9",3,3
2.96650299392712,5.83059716790079,"17","16",0.500749755417928,"0",3,3
0.17047347145922,6.75177079147457,"12","4",0.0433212833013386,"7",2,2
-2.79933183910807,1.10169528044744,"0","6",0.788908449234441,"1",1,1
-0.163405914765736,4.10285788695742,"4","1",0.252532798331231,"7",2,2
1.28247586312264,5.78849525587794,"14","1",0.707720780745149,"4",2,2
2.72719638791127,2.79163246500787,"6","7",0.142456102184951,"1",2,3
0.941924217330924,2.44286365705624,"8","5",0.885533186141402,"8",2,2
-0.248614037279559,6.41223382835857,"6","7",0.468098986893892,"0",2,2
4.09647885970648,5.47810381255889,"20","19",0.734518992016092,"6",3,3
-4.43393094130174,5.1786073481089,"3","3",0.772844509687275,"3",1,1
2.17866786745157,3.18112702777681,"9","7",0.338489973451942,"1",2,3
-6.95877961913012,1.57192350093869,"1","6",0.839471313171089,"2",1,1
4.08088823919911,9.6164873380633,"19","22",0.405222594738007,"4",3,3
0.110137804617221,3.20173517653052,"8","7",0.686872723279521,"8",2,2
-3.78655167368735,1.66022389999865,"1","4",0.495753699215129,"10",1,1
-1.55781961263232,6.13021217817528,"8","8",0.219591218978167,"3",2,2
0.216211546257758,6.17928562354999,"7","1",0.666191168595105,"3",2,2
-3.81233618297356,2.34101576469664,"0","1",0.685906195780262,"8",1,1
1.2586221252136,6.08653533903765,"1","6",0.303068184992298,"2",2,2
0.523517780908964,4.86659045970672,"9","4",0.140148707199842,"6",2,2
5.11545427747996,5.2803705262537,"20","5",0.349052334204316,"5",3,3
3.04249775782953,6.14444084312687,"13","11",0.761072475928813,"4",3,3
-0.124405579855432,6.31268198100674,"7","10",0.206280122278258,"9",2,2
0.191737829049968,5.00206308737509,"6","6",0.434864136623219,"2",2,2
4.27221725060335,6.80625787346022,"16","8",0.0622327846940607,"7",3,3
3.30618553632675,5.32715819383351,"12","15",0.342204268556088,"7",3,3
-2.52082807914787,0.4343063758759,"1","7",0.948180036852136,"2",1,1
-4.61176702164277,2.07532928948752,"0","5",0.729975326219574,"0",1,1
-5.61430997435935,1.90349001178245,"0","7",0.733484911266714,"3",1,1
0.402490110590671,3.16110839902248,"12","9",0.638681224547327,"0",2,2
4.66455544728948,3.48337720697808,"18","16",0.400954500073567,"4",3,3
-3.05587292900506,4.83892929862035,"0","4",0.0272074684035033,"3",1,1
-0.946260797708288,4.422492193151,"6","10",0.711601911811158,"6",2,2
-4.2482884492389,5.74627296721859,"1","3",0.0235000499524176,"2",1,1
2.67156353146092,9.41189497747669,"17","7",0.901424899464473,"10",3,3
0.844763742098917,7.97543734434273,"17","2",0.980533962603658,"1",2,2
-3.65230326756135,0.465032656266167,"0","14",0.125797402579337,"3",1,1
0.913762586431107,3.63063095386132,"6","6",0.5738798934035,"1",2,2
-3.39172544661932,2.16474973587965,"0","2",0.810251115355641,"3",1,1
3.39245201219551,10.9209670570323,"13","12",0.911835626000538,"3",3,3
4.17965807087184,3.66436586560365,"10","7",0.112244892166927,"8",3,3
-1.90840941941738,0.789092925404285,"13","9",0.922758209519088,"7",2,2
0.502946257689095,5.82020490219906,"9","5",0.695914199110121,"3",2,2
4.9688991534785,4.29254474483312,"13","13",0.472727515967563,"7",3,3
3.12426287422667,4.30821131709652,"20","6",0.61936674034223,"3",3,3
-2.13602453869801,1.59535375536365,"8","10",0.0964350292924792,"1",2,1
-5.52282758158501,2.51020973352793,"2","10",0.485416736453772,"10",1,1
-5.11311820788607,5.85637109049032,"1","3",0.0769259477965534,"8",1,1
5.2409838955359,7.23377592693697,"16","16",0.088622234063223,"8",3,3
0.00348193506299025,5.46682707808162,"4","4",0.00800162134692073,"4",2,2
2.76220541400693,10.6625455595533,"17","4",0.373734791995957,"7",3,3
-3.44430088110197,4.73884864402809,"2","4",0.94217288098298,"1",1,1
-6.1831493493599,3.76170335826661,"1","7",0.67870968580246,"6",1,1
-0.247024457097248,2.15816038377492,"9","5",0.470685699954629,"9",2,2
5.11285692758645,6.22163177651075,"15","22",0.978552242740989,"7",3,3
-0.341673237009086,4.77143472865413,"4","8",0.808577378746122,"9",2,2
-2.69456165785893,5.30736547180518,"2","5",0.125713736983016,"7",1,1
1.79532387144079,4.97379363889013,"11","8",0.418823604239151,"0",2,2
-5.16783522747345,1.51685797657259,"0","3",0.0470362235791981,"4",1,1
-1.15228762498202,1.14417738461553,"8","3",0.896380155812949,"4",2,2
-0.914455469345649,3.62422659382032,"9","6",0.137885364005342,"8",2,2
0.528728032533629,3.3195268432302,"13","4",0.617259631166235,"4",2,2
-3.16492107295142,2.62564004549576,"0","7",0.360539593035355,"8",1,1
1.20913697409153,1.74642263202141,"10","7",0.62142579164356,"6",2,2
-2.70052745463918,1.57696135202144,"2","6",0.265858326107264,"9",1,1
-2.92426769579011,0.474009474702528,"2","8",0.392506928183138,"5",1,1
-3.0601989764857,5.60782549902133,"0","5",0.076060009887442,"9",1,1
0.163374693406766,5.64467652948032,"4","7",0.4649446264375,"3",2,2
-0.888138558640392,5.38146292098644,"9","7",0.024800282670185,"10",2,2
-0.726160982756351,6.68987761537211,"11","5",0.822746031917632,"0",2,2
0.407597005613739,2.96494158933895,"13","8",0.960072163259611,"5",2,2
5.68353633925179,6.98082055677431,"19","10",0.0034620463848114,"10",3,3
-2.29402017643539,1.19604652815546,"1","1",0.485919109545648,"9",1,1
-1.92616670082608,2.42355257043157,"8","5",0.196135789621621,"7",2,2
3.16600198477154,7.1346723513868,"10","21",0.225326703861356,"7",3,3
-2.58086748366681,2.29815872658255,"2","1",0.134788810741156,"10",1,1
2.93589028498076,9.60328153859937,"19","11",0.262300242204219,"0",3,3
-1.61357747248045,3.71118822372901,"4","4",0.347081187879667,"3",2,2
-3.40018891130257,3.50045739803071,"1","1",0.969365011667833,"8",1,1
1.73296470538705,5.36282074888128,"9","18",0.157378934323788,"7",2,2
1.93450456245773,3.13899793999617,"16","2",0.902678429381922,"3",2,2
4.53282057567079,6.42467423631814,"12","26",0.752424148842692,"6",3,3
0.719665756019785,4.49167395605756,"8","14",0.234953498234972,"6",2,2
0.560093385755184,3.16864826500179,"5","12",0.898557993350551,"7",2,2
3.98191306834003,13.7622003439036,"18","16",0.930373257724568,"1",3,3
0.628260917449486,7.81506482723854,"17","10",0.823049518512562,"7",3,2
0.760703244759755,5.05318576108921,"10","9",0.899974646279588,"9",2,2
-4.39122685224321,3.33277075847728,"0","2",0.861153456382453,"6",1,1
-2.99009877618815,5.9925982275379,"0","7",0.670882331207395,"5",1,1
3.37302685292625,9.3278331838313,"19","15",0.802562379278243,"2",3,3
-1.63457736950186,4.99414905067757,"2","16",0.603462588274851,"1",2,2
5.24524265203048,5.32813696495888,"17","15",0.806813402101398,"0",3,3
-3.8186225534446,0.160731284264675,"1","1",0.00498899049125612,"10",1,1
-0.504695736014401,12.1050564941808,"0","11",0.162404007976875,"6",1,2
4.91559191332691,7.24540455042073,"22","15",0.485156366601586,"0",3,3
-2.95149348257376,4.41277678940565,"4","2",0.036943132057786,"4",1,1
0.763824936934856,6.671901132402,"13","6",0.109971338883042,"0",2,2
-4.6033873768594,2.62541222261954,"0","6",0.984104135539383,"3",1,1
3.62957033729722,8.8358586408751,"9","17",0.297761634225026,"6",3,3
-2.94017406166635,4.84299662530896,"0","5",0.271315002813935,"8",1,1
-2.94488947016061,1.56437441875458,"2","3",0.710135742323473,"2",1,1
4.58297216112032,8.13304343161114,"12","12",0.953725159633905,"8",3,3
3.01343256446046,5.8151658244571,"11","6",0.0396925134118646,"7",3,3
5.68462181174398,10.5070510067278,"21","22",0.0526178060099483,"2",3,3
-1.36684104568263,3.75451533316213,"6","6",0.318111832253635,"2",2,2
3.56678565138889,7.5256424497072,"13","26",0.4380972024519,"6",3,3
6.32505849371513,7.18435966201108,"15","7",0.165361701278016,"8",3,3
0.524122181151092,4.7813831759186,"15","4",0.448209671070799,"9",2,2
-3.02926658359141,1.76838658564377,"1","0",0.106062527978793,"3",1,1
0.376973397152614,3.78464974245949,"11","9",0.566690429812297,"3",2,2
3.00406660345784,3.94148644003225,"17","26",0.299871186260134,"0",3,3
3.40251708695195,4.41035676714288,"12","1",0.170031343353912,"0",3,3
-3.83474857691985,1.10346834199724,"1","3",0.901561637176201,"5",1,1
-2.92847717857757,6.62682988978167,"7","17",0.374728183960542,"8",2,1
3.15208577342145,6.89419095952855,"18","24",0.787679658504203,"10",3,3
4.79858451222345,7.55515744389435,"13","9",0.791274214163423,"9",3,3
3.70154401203478,6.03393083787744,"18","19",0.0835191663354635,"0",3,3
3.71638862305463,4.77583906764262,"17","20",0.477052201749757,"6",3,3
-3.13048069335124,2.01857727381128,"2","4",0.718714037677273,"4",1,1
3.45564471530102,10.4902886280712,"17","18",0.284924608888105,"3",3,3
-3.3711967646224,5.81680059429758,"1","7",0.150474200025201,"9",1,1
-5.42233445794539,2.98332807748323,"2","4",0.321319507202134,"10",1,1
-1.22751263333428,3.73230839414234,"8","3",0.615680258255452,"7",2,2
-1.67410551574443,3.44695857880579,"6","5",0.993724629748613,"0",2,2
4.08439848224488,4.50435978063714,"12","9",0.527756883064285,"1",3,3
-0.2061256639704,3.88296458243317,"8","3",0.247765004867688,"3",2,2
5.44187164028206,10.215840241188,"15","15",0.622315899003297,"6",3,3
3.95821789661464,11.4825739924526,"15","5",0.738596439827234,"3",3,3
1.35375447776378,8.1542226127753,"12","4",0.514799300115556,"7",2,2
-2.05477472407717,3.93369777342634,"2","6",0.900319239357486,"3",1,2
-0.490938233708141,4.11855903833468,"10","11",0.699248084798455,"6",2,2
-3.61156092505539,5.99133627000557,"0","5",0.142492908751592,"9",1,1
-0.84489325918598,10.6658901764576,"6","10",0.560179350432009,"6",2,2
4.73799036787109,7.73142795850056,"19","17",0.357084154849872,"1",3,3
-5.07976033128386,0.580170286182897,"1","5",0.762242738157511,"4",1,1
2.97352612375637,12.2568081923061,"11","7",0.660927467979491,"3",3,3
4.28879336157888,8.07524418751216,"11","10",0.580670634983107,"3",3,3
0.0908113192871749,5.83520502792928,"11","5",0.887838657014072,"3",2,2
0.262623176711222,4.41904538430926,"15","10",0.900613405741751,"1",2,2
0.0693349127912537,5.65001579985855,"7","9",0.872202473459765,"2",2,2
3.47135618114318,8.52092607652213,"17","12",0.475873147137463,"0",3,3
-4.13020216451877,1.33986422970385,"1","2",0.473375007044524,"7",1,1
1.62015874435582,3.03686338957933,"11","6",0.196413306053728,"5",2,2
3.98210487667653,4.55732411340372,"13","11",0.642171818530187,"6",3,3
-5.31848939894929,1.6813531783124,"0","2",0.344106057658792,"0",1,1
-4.84456016058128,2.42449170295585,"0","3",0.577191214077175,"4",1,1
-1.10181487249111,3.19858206299446,"3","7",0.445068291388452,"1",2,2
-0.900090143007498,2.59456011505077,"7","4",0.604470810154453,"4",2,2
2.73891608017752,10.3864045932418,"16","21",0.0797319104894996,"2",3,3
-6.6258489024829,1.35742157033449,"0","0",0.424985829973593,"4",1,1
4.66906574919057,8.6983289283504,"21","26",0.0547239175066352,"2",3,3
-3.33995849076922,1.14994091196233,"1","2",0.0316182151436806,"9",1,1
3.74939956460889,3.96216906087774,"14","6",0.202159261563793,"8",3,3
3.27620268304618,4.67654157261174,"15","8",0.392634738935158,"9",3,3
-4.81218163232941,3.15207086756323,"1","5",0.726134202908725,"6",1,1
-3.60126566398159,2.87780330580738,"1","5",0.613352569984272,"0",1,1
0.226563573879377,8.26712033216176,"12","11",0.980861627031118,"8",2,2
-3.57835642024679,2.13316100013188,"1","11",0.648567207623273,"8",1,1
-3.9951620562759,5.90847036176189,"1","4",0.405670650769025,"10",1,1
-3.38101608490348,1.94627821755586,"2","4",0.488129419507459,"8",1,1
4.43113394448593,7.31537355807865,"14","9",0.102195812854916,"7",3,3
4.55831237018722,4.7422798290169,"20","8",0.658661333378404,"5",3,3
0.495961280672009,2.03324544844379,"12","3",0.266760237747803,"6",2,2
1.66188574094578,2.72498446142078,"7","20",0.402962057618424,"5",2,2
2.9449653877955,7.28292356199333,"15","19",0.388578418176621,"6",3,3
1.50832468678,5.76321639917589,"6","3",0.0418283466715366,"6",2,2
-4.33420865665507,0.753371602308109,"0","8",0.887363754212856,"0",1,1
-4.06498074381844,1.72894087800061,"2","4",0.425699402578175,"0",1,1
4.0810815387134,8.35702850622277,"18","15",0.374204178107902,"0",3,3
-4.44821479553884,1.94350738509095,"2","4",0.448235710384324,"7",1,1
-2.55380695026597,3.84088836680691,"8","11",0.247171426890418,"1",2,1
-4.31293253511901,7.95173294562906,"3","5",0.00871485378593206,"2",1,1
4.0413831520403,10.7767906828478,"15","16",0.366393911186606,"2",3,3
2.26227193866238,8.28968735596675,"9","13",0.819193071685731,"4",3,3
-3.45006034030162,3.70989148370989,"1","4",0.504746186779812,"7",1,1
-0.597273692593322,5.41157147623845,"4","8",0.134554670192301,"8",2,2
5.44774180603655,5.17895335628886,"16","8",0.999033321859315,"4",3,3
-3.73513188573574,1.30091131760682,"0","4",0.729895019205287,"4",1,1
-0.788782807782472,5.90654420883337,"8","5",0.945819684537128,"9",2,2
4.16773222067153,4.31938171650722,"20","21",0.595727535430342,"2",3,3
0.25758310820126,2.89752243502465,"6","7",0.711256471928209,"5",2,2
0.912047367450309,7.47333512983709,"6","12",0.165679731173441,"0",2,2
-0.156872382554867,5.30910044746994,"7","4",0.947895115008578,"2",2,2
-2.03337570844709,2.90196690523749,"10","7",0.595556586282328,"10",2,2
-1.29966582307858,3.4724707265822,"13","8",0.107002763310447,"6",2,2
3.14274934007096,4.08099798437893,"18","17",0.898985237581655,"8",3,3
4.42626529453619,6.35979452901837,"13","14",0.0972569505684078,"1",3,3
-4.28483626308475,1.26573822526961,"0","0",0.572906881105155,"6",1,1
-4.61436854196986,1.20112024892372,"0","5",0.872998011065647,"1",1,1
-4.84489083215748,5.32750526511222,"1","9",0.386570736765862,"10",1,1
0.153694957218872,3.3893552773999,"4","8",0.634076334303245,"10",2,2
-4.85143227577819,0.516431271795795,"0","4",0.515905425418168,"9",1,1
-0.397921072942885,1.49178519503204,"7","8",0.895125234499574,"10",2,2
-0.939977226280953,6.18508887287005,"7","4",0.375872297910973,"1",2,2
-5.38825374141942,3.10128703947551,"1","1",0.540439857169986,"1",1,1
4.9551845888634,5.54673466755119,"22","7",0.0564636457711458,"9",3,3
2.68250452996762,6.33816877550183,"13","17",0.0467111235484481,"0",3,3
0.0730291461596218,6.01338562790596,"5","6",0.563886321615428,"10",2,2
-4.56818584856837,3.21098869168189,"0","2",0.216823622351512,"6",1,1
-5.05845066878383,2.89351379307743,"0","2",0.177681874250993,"3",1,1
0.259313538417069,1.1529385815572,"10","7",0.964014237280935,"3",2,2
-3.62686549548084,1.96703713954111,"0","5",0.0574100064113736,"1",1,1
5.26466676928415,6.9387066230227,"12","5",0.0561570848803967,"9",3,3
-3.67477500393173,1.19973452888987,"0","5",0.0259386659599841,"2",1,1
-4.13846731950831,5.13594816892313,"0","4",0.374745985027403,"5",1,1
6.6024688972798,8.50392082616635,"10","16",0.352453943574801,"8",3,3
-4.65028442848791,4.35549902259703,"0","7",0.585321374470368,"2",1,1
2.99681677168664,5.30831927634864,"5","41",0.737079761922359,"0",3,3
-0.535113912874478,11.6506044046634,"7","10",0.396563712041825,"8",2,2
-4.11041456677679,2.05313401187743,"1","5",0.0641530572902411,"3",1,1
-3.39956983068643,2.11293384215768,"2","6",0.709280455717817,"9",1,1
-3.58415494040132,3.57261526432001,"2","2",0.230729895178229,"10",1,1
-0.105750646676992,9.13182865711382,"5","6",0.926038298988715,"3",2,2
-0.856562538246121,2.01889335557873,"11","4",0.672894106246531,"4",2,2
1.12732733432216,4.28748675018962,"8","4",0.661726754158735,"0",2,2
4.91628162144845,10.3703373097777,"21","12",0.0988935716450214,"5",3,3
-4.72437959272436,2.71176582183343,"1","2",0.50869431742467,"3",1,1
-3.31322091242526,3.44574633163381,"0","14",0.933768989285454,"1",1,1
4.45008579164461,14.1876066288055,"16","16",0.360630912240595,"6",3,3
-2.95477839389496,1.71160555229601,"0","5",0.208028219873086,"4",1,1
-3.85037096556256,6.92477880610379,"1","7",0.0880111034493893,"4",1,1
-5.14106715320069,5.10575292651732,"1","5",0.319751712726429,"8",1,1
4.80249940241966,3.77563185074344,"17","29",0.518851839704439,"10",3,3
-0.728716530969446,2.99679040180311,"5","12",0.886277044191957,"10",2,2
0.527209285728481,4.39781479396216,"12","10",0.632994251092896,"0",2,2
-2.32652122778769,1.92744004426132,"0","2",0.706081413896754,"0",1,1
-1.41882802027083,3.73182595285867,"9","1",0.525332279969007,"6",2,2
5.56191080116889,10.4927884983379,"15","23",0.803869241848588,"5",3,3
1.35316100891808,8.67758518834976,"13","5",0.425349109107628,"4",2,2
3.47130322330844,7.98473904763916,"16","14",0.125112629961222,"7",3,3
-0.251272775479278,2.70962321533716,"10","9",0.0664964641910046,"8",2,2
-4.6858476862925,2.40705379052916,"0","3",0.856189875165001,"10",1,1
3.42963234774588,7.25088343768263,"17","13",0.516252984758466,"10",3,3
4.57963138154616,6.16470163528984,"23","23",0.496948239393532,"7",3,3
3.10104099474789,15.8059269926722,"16","12",0.993634916143492,"9",3,3
3.80967011208722,6.10492421189188,"19","15",0.685410767327994,"10",3,3
3.85609662265354,7.11873480031173,"14","20",0.717408317606896,"2",3,3
-4.09657265128756,0.536508065800621,"0","2",0.510230131447315,"5",1,1
-3.81855328427764,4.07648061539909,"1","5",0.0911415119189769,"4",1,1
-2.40342579081369,1.38516274656055,"1","7",0.429415760328993,"9",1,1
-0.451331739893457,3.4896109709289,"8","12",0.640860960353166,"6",2,2
3.20511977519918,1.57857332632095,"18","14",0.982796993106604,"6",3,3
4.79228434965229,7.14606001208966,"11","7",0.761463603470474,"1",3,3
-3.61952770023897,0.625494483151067,"0","8",0.0897528287023306,"4",1,1
4.23578798299245,10.5277624084996,"11","13",0.893485453445464,"1",3,3
-3.40901173647959,7.95280842254724,"0","6",0.923521688906476,"7",1,1
-5.41193020207889,0.767488288013313,"1","7",0.159286302281544,"9",1,1
5.06329579229111,6.77303143749954,"23","37",0.368094285251573,"3",3,3
4.45391787889759,4.60939016454654,"17","13",0.359309634426609,"8",3,3
-3.04868702298021,5.6126880692825,"0","3",0.230236732633784,"6",1,1
-4.59851771340152,7.05776033286691,"0","4",0.82474039751105,"7",1,1
2.15805994965386,8.86355948840866,"16","8",0.755634967237711,"7",3,3
-0.484589533147934,1.06500679338683,"9","9",0.300503708189353,"2",2,2
-4.9068468150234,4.29602584694892,"1","1",0.33998257224448,"7",1,1
-1.77723755259562,0.348233206287281,"4","3",0.0357945547439158,"2",1,2
3.58653342362382,7.62467955358783,"13","15",0.819278832757846,"9",3,3
-0.215673846704644,4.672126836667,"10","6",0.509590765926987,"9",2,2
1.06297852007115,4.1630504798799,"11","18",0.168987832032144,"10",2,2
4.62034652658024,7.84114518827885,"15","8",0.59756796178408,"8",3,3
0.673066651879,1.29601101480812,"11","5",0.141867901897058,"5",2,2
2.63370956294833,2.19889943667964,"9","2",0.146144509781152,"4",2,3
0.16611439867297,6.29914857866453,"7","1",0.898495495552197,"6",2,2
5.90517553753426,6.8315061595882,"11","7",0.170988622121513,"2",3,3
0.253718401313083,3.68234029078464,"14","6",0.770620309514925,"2",2,2
-5.4590219672543,4.81185900239425,"1","0",0.527274892432615,"6",1,1
-6.22724824128035,4.80084906534638,"1","3",0.433405236108229,"0",1,1
-3.35031644883227,2.62516520657062,"3","5",0.572360127931461,"9",1,1
-4.99924986476856,1.98251015359648,"0","0",0.69278810871765,"0",1,1
0.0419723836763139,8.65354640508199,"7","12",0.564369798172265,"2",2,2
1.77704370004004,5.46926238288352,"11","2",0.521738737588748,"5",2,2
-3.65281732266279,1.63654175093209,"1","5",0.108312110882252,"7",1,1
-4.28709744614979,1.48298283471535,"1","5",0.530639900825918,"2",1,1
-5.92457665210911,7.07512196778601,"2","2",0.16071709478274,"10",1,1
3.19935089066009,6.81127573425662,"10","14",0.312966604251415,"6",3,3
3.42438202927338,8.18296902456457,"17","15",0.429020919138566,"4",3,3
4.68420573267036,5.40859041757529,"12","6",0.606386362342164,"5",3,3
4.48345734761714,9.38842425313108,"14","14",0.681813530158252,"8",3,3
0.0139634087073798,3.39963585525572,"9","4",0.452320075361058,"8",2,2
4.18024373462512,8.66119978393558,"12","11",0.829977483255789,"9",3,3
-0.2881232483085,2.09004703128573,"12","5",0.899154714308679,"9",2,2
-3.96977277710977,0.474130546221693,"0","2",0.326914773322642,"5",1,1
0.271674108529485,4.56485251686384,"12","8",0.0461160389240831,"10",2,2
-3.55084157258657,1.43309670980865,"1","1",0.918806876987219,"3",1,1
-2.17237234156961,3.32325743625534,"0","2",0.745635191444308,"2",1,1
-5.11202371088381,3.42982989728949,"1","5",0.411168138030916,"10",1,1
-2.52519256841629,2.87858320849535,"0","7",0.288223075214773,"10",1,1
4.67151246014439,7.77721286061609,"11","16",0.73289776686579,"2",3,3
2.45467145628557,10.1406043577979,"11","28",0.292465967591852,"8",3,3
3.72295277200889,7.00516588646694,"16","8",0.430424802936614,"3",3,3
-0.62934299197198,5.23350015827029,"10","2",0.479999317089096,"3",2,2
-4.93300045161975,2.53326101654526,"1","6",0.95787641685456,"0",1,1
-1.53788648422826,6.70225386204279,"5","10",0.917774574831128,"5",2,2
-0.494102049599945,3.0856457808605,"9","10",0.949254621751606,"0",2,2
3.5646399847298,10.8386734191532,"8","28",0.0771013810299337,"4",3,3
3.67645532371977,7.84394596640121,"11","8",0.529385978356004,"6",3,3
-2.06111361891619,2.21385660602539,"5","11",0.182020985055715,"9",2,2
-3.55849744490446,2.22412575314088,"1","8",0.942527087405324,"7",1,1
4.74635124656637,6.01447780691918,"19","11",0.412466473644599,"0",3,3
-3.21035712617531,2.15575634188141,"1","4",0.0728786450345069,"0",1,1
0.770740507039544,5.79921198273386,"6","14",0.568556429818273,"7",2,2
4.20050631783037,4.36073516294425,"14","10",0.995689830509946,"8",3,3
1.46835003167775,5.66713297326852,"11","6",0.576691639143974,"4",2,2
3.12354451605925,7.06708460492662,"15","7",0.000484898686408997,"5",3,3
-1.22660469372111,3.93966649430206,"13","7",0.975506421644241,"6",2,2
-3.66216208002542,3.35617194135255,"1","2",0.859622525516897,"10",1,1
0.440824087254149,5.74437323036849,"7","10",0.589325997978449,"6",2,2
