"X_gauss1","X_gauss2","TrueCluster"
-1.16508741462453,2.17883190308955,1
-3.36927176387544,3.04026673247512,1
2.5554869546651,3.35564058662335,2
-2.45093308680808,3.41764363564175,1
-3.0783557283609,3.9642121453749,1
-3.498738655996,4.0267267863266,1
-2.5024327800066,0.32831172504934,1
3.15551188281297,4.90079342576328,2
-1.02315772102345,3.50160291090493,1
-4.40915278827921,2.37260361967978,1
1.79756052668759,1.77391315760423,2
-2.81143021801192,3.99557069212028,1
-4.16315703066738,3.36090561703255,1
1.74946655820771,4.1858989560526,2
1.72264824081849,2.93365289092725,2
-3.2225696998596,2.73212936184056,1
-4.68883459914707,5.4655648167571,1
2.71341855028655,0.760407732058585,2
1.86807706374517,3.43000591159112,2
-0.979508806167837,3.42329467718962,1
-1.70404405058492,3.48256515949554,1
1.0464704348672,3.61395499225123,2
-2.40160457899416,2.69595297872481,1
-3.09377098423315,4.28291688688046,1
3.38828116863451,0.300295041568874,2
-2.44692958450133,2.11387711459998,1
1.94297637415534,2.86894099431797,2
-2.06160296382728,3.17953785755267,1
2.65260815864242,3.44712745853921,2
-2.66461758174956,3.70327399520874,1
-0.480109378524025,1.34063059889041,1
-3.02938588631726,3.00843766483673,1
2.02921302701596,3.57658482420042,2
-4.04593692401752,4.45896945872787,1
2.45947327670482,2.87507549212418,2
-1.60964369452932,4.75906442623654,1
0.428612149070786,2.690319091179,2
2.24993487992698,2.94511204719844,2
-3.68165042665332,3.17623554005324,1
-1.05806273498309,2.44738138135414,1
3.85789553887886,3.78753185365381,2
2.83450284734065,1.51963396652047,2
3.92933808040023,2.99379207816764,2
-3.36731785087868,2.40540319528651,1
3.45065172497189,2.39821888506535,2
-3.08501150863323,4.26658992574888,1
-2.17904247747437,4.1574416501405,1
-2.79939601666491,4.75782918157292,1
-2.77854308329307,2.7098235275807,1
-1.95388484167047,3.03564086630161,1
1.19617884635513,1.2932583615455,2
2.24908553495754,2.57300262697302,2
2.67100737371791,4.94056293439814,2
-2.90346747874751,2.54181949967991,1
2.60465944083573,1.71702744233167,2
-2.81888078673401,3.04608402280362,1
-0.881656064116573,4.3711380432855,1
3.21418860148862,1.26423156537082,2
5.46586536983324,2.72079748103199,2
-3.29507760455921,3.51461359625568,1
-1.68563408532009,5.17528299390143,1
-0.401969189869626,2.32283362567201,1
-2.19901994484743,4.6713637613322,1
-3.58307514183923,2.52381528708201,1
-3.50632250180328,1.86588052113212,1
2.46458543508239,1.75223205184502,2
3.80912436085341,2.75679206208472,2
-1.74959951335328,2.97534383120566,1
-4.63836832761242,2.64480798917363,1
1.79964589113337,4.1574454756981,2
2.49094352470701,3.20849528226472,2
1.04186651275523,2.88358963024754,2
3.19452964649487,2.33719008021401,2
0.038664524813512,1.57438247561176,2
2.64328976404046,0.844740697422793,2
-2.89122211912706,3.23475290357329,1
2.00883591438592,3.02786945712236,2
2.21635254754795,4.50152550664593,2
-2.18520519529216,3.32020318906934,1
2.89632657793899,3.8769394712387,2
-2.72560371103596,3.04508501181323,1
0.57504956965944,2.09984354541152,2
1.06077070167802,3.31860470748087,2
-3.9696577739724,3.37376582243123,1
-1.73813655310807,2.10086799616022,1
-2.74361498187128,2.96837575324911,1
2.76967660741801,5.20085981622319,2
0.941072479044184,1.75780733038692,2
1.96441199330369,4.6193964512767,2
3.0624519731735,2.75022419186661,2
-2.67832612341992,4.63054165586621,1
2.38486401379735,2.07264150806398,2
2.42793852789363,2.92718513979851,2
-1.2890901930737,3.34235684819365,1
-3.1148969007997,2.87615074886624,1
-1.8238735416853,3.72461272283691,1
3.39859960553755,2.81645234987956,2
-3.68931790352102,4.32976081167616,1
-2.37874115018099,3.18746137727265,1
-2.51122168613041,3.76166159986922,1
-1.47085928068624,1.69589836978534,1
3.41477486771961,2.27577178023325,2
2.49754373332044,4.19845874367071,2
2.63600955241373,3.55966453527673,2
-3.22015354494312,2.85050271183953,1
-2.69812433005122,2.88033898934742,1
-3.52920880604827,3.8303901765001,1
-3.46695589585262,2.75380754621804,1
-3.72081308891909,3.08245068803392,1
3.33620770394484,1.189449717635,2
-1.3850282015046,4.95141030167053,1
-2.91294485292709,3.84256470757423,1
-3.62897739800683,3.91551662731183,1
2.41206866822295,0.903996725279568,2
-0.258096306687376,2.97707965618614,1
-0.458686829249511,2.55017269630696,1
0.780199663278548,1.48597506276552,2
2.14309334387761,3.80017341183258,2
-0.966719507837706,4.3575438593608,1
-2.53824409661024,2.39145315353479,1
4.09741324232643,2.74789080427839,2
2.16641460669012,4.8826081878145,2
-1.89501407608462,1.18521130637328,1
-2.27575876074975,3.8186428639816,1
0.729069495480058,2.65457654362099,1
3.42045256677252,2.8731580744551,2
-3.70653906921592,2.32792822295065,1
-3.10388116916327,4.20636491692095,1
2.87023528462206,1.76011562780787,2
-4.40100064667961,4.05887044168213,1
-4.30440994496324,4.54711041785508,1
-3.62182260635522,1.19418554021033,1
-2.84792960655914,1.76040538819585,1
-1.26109785136802,3.65070002855267,1
-2.77419756485228,1.94805996854347,1
-2.33761928444181,2.23931712501897,1
-2.56460690975306,2.5101119559135,1
1.79476290297486,2.62106734884078,2
-1.13780273124901,3.77406800377073,1
-3.59651318808332,2.33669365872631,1
2.27156648145311,3.09828545365615,2
2.15217191938973,3.8112441009419,2
3.03212861950673,1.30558261097105,2
-0.892765437738813,2.24140447808631,1
-1.98618547388341,3.94577280623037,1
-1.11762683942697,2.58582828525665,1
3.2630970485499,0.211408182664247,2
-3.12458454463411,2.05640984852107,1
2.58154380042899,3.89762904761878,2
3.87607911136477,2.53075219985165,2
-4.06126578615704,2.55489947595415,1
2.8247706605947,2.83965385331128,2
-2.65679031695224,3.79141300487411,1
3.37778386073435,2.45980017255874,2
-1.74983342481936,3.52355428226035,1
-2.19894659615717,3.63046903485794,1
3.99281111722931,1.87925446451279,2
0.9745061998303,2.93194054212,2
3.41071755848602,2.4078643882351,2
-4.07953202785754,3.45865019872184,1
-1.91228374288142,1.34089567825673,1
-2.41035770399928,4.69308692054422,1
-1.53273834305016,4.4806198974556,1
2.57881235291482,2.07285864474832,2
-4.06869983648609,2.26313834941158,1
0.492176815983909,2.00066380703927,2
3.04097352423876,2.84980529402254,2
2.42662340189157,2.44885824037962,2
1.92898160644192,3.12390229149804,2
2.18893154014636,0.9372606805963,2
-3.17141506710137,3.17440138590415,1
2.34265954791902,3.0171189383904,2
1.56869492900013,1.23933619261385,2
0.516990520529868,3.30357039808695,2
2.28040019575062,3.060447903858,2
3.54527586946239,2.74636930983302,2
-0.62267043370033,2.98546208033572,1
-2.49739380404283,3.42344411562456,1
-2.58066993470917,3.38139608870137,1
-1.53701771876013,2.52522596336351,1
-2.44642898345348,4.26519584326157,1
-2.93489840891004,2.95981458782333,1
0.762702744657692,2.85061843608978,2
1.23630440021757,4.03907985020897,2
-2.09369148793073,4.09124549783707,1
-3.95965396777976,2.22926326953421,1
-1.4515426298453,1.90983546098195,1
-3.8464305394502,2.2238201420753,1
2.30642944188651,1.70664651733896,2
2.49766404288632,1.04068335308565,2
2.48717026613281,3.34166827402223,2
-2.3480526780156,2.84037860295563,1
3.09851113140108,3.7068047290617,2
2.37378756270172,2.99817470146857,2
2.25146443415322,3.45007925828509,2
2.66032739490462,2.45433603795884,2
-2.93364194159727,1.94388124520872,1
4.03741241910027,3.85594544702748,2
-4.67024657661608,3.83723267796063,1
-1.47299538070857,1.09291659772844,1
-2.74848293318993,3.96502411700943,1
-2.07767961416761,1.04929141717294,1
-1.51234670636033,2.94974394325773,1
3.33556817203502,2.56564052061745,2
1.83947814095429,2.85913810693688,2
4.06406949329184,4.20586150507528,2
-4.12297593529155,1.6192603533181,1
3.36389637347899,2.70796793590712,2
1.9883972265638,5.80863273904428,2
0.582634974554598,1.37386306345443,2
-4.36581384861995,2.3107536749462,1
-2.25482093656031,2.95484277542447,1
4.72353430190807,3.21994854181568,2
2.77337606414447,2.41336383941989,2
3.63078479452828,2.70736445054759,2
-1.6613306259399,4.19256259553053,1
-3.15461527787821,2.80117997241245,1
3.4539609784794,3.27671085131606,2
-2.14704853451068,3.40649645867038,1
-2.29340070735039,3.44773768532874,1
3.50111323431025,3.54175552117036,2
3.24745199164028,3.06009583695754,2
-3.12657483672314,2.2204585162219,1
-2.10477631406329,2.9359021723121,1
1.60783204595442,1.94023599553874,2
-1.86918158990823,3.10273262626646,1
2.06729481671543,2.61730875319498,2
2.95213864421852,2.8698321180399,2
2.86799904519635,1.79099994710759,2
2.22961251033809,2.68861594633555,2
2.96551261771298,1.80129185986983,2
3.07435622562697,2.55376790149015,2
2.26930000984259,3.57959798555754,2
3.67224250830245,3.26446197995305,2
-1.10729729326688,3.9881987029743,1
-3.16199125570958,3.53676493962902,1
1.72263079327499,3.12319050171729,2
-1.98646142109122,4.09814468184984,1
-3.41331223804127,4.31088848962876,1
2.0505761947497,1.46067367616392,2
3.30293269910362,3.98136251031145,2
-3.0734768509811,3.85575486737489,1
0.571874832151674,4.03610596798165,2
3.16439083382215,2.00031701646879,2
-4.10254022379425,5.64982392892384,1
1.14539974254615,0.146324808261108,2
-0.517932679417897,3.0075493412655,2
3.33123782223006,3.12991733582117,2
2.75109708884734,2.8353329409489,2
-2.03770653405867,3.82266061664948,1
3.34479222322324,3.13643828758871,2
2.45802847567844,2.14413977806608,2
1.39442409429997,4.55103663604144,2
-1.93622434766913,2.67669701094716,1
3.80336475581967,3.67174650950591,2
-4.00022093779466,2.26683891215041,1
1.89301076488096,1.83412883390245,2
-2.79224506565658,2.33357743092145,1
-3.7896833433236,1.83747443706046,1
-1.8058941512253,3.58641711994246,1
-3.09918190289712,1.29269812388783,1
3.75690664397164,1.92366158816056,2
2.55350801362736,3.02994019067598,2
-1.77190748232815,1.1128704513032,1
-0.938901931789393,2.44462317085802,1
2.76562475359719,2.66458505099067,2
-1.42327374079273,4.48068605896932,1
2.71069793167925,2.71670964012363,2
-4.01167352582237,2.42438396927583,1
-2.47759774008638,2.27046042113011,1
3.2181362060421,3.49194314366193,2
-2.01054298215773,2.64860391988139,1
2.32611165412173,2.40184326506939,2
1.2823005113316,2.69235921326264,2
-1.85360163129054,4.17175586040363,1
1.58354397165211,4.72461162406018,2
1.24817655757443,2.29257671314561,2
3.0949277184055,3.02257392336176,2
1.26718933481017,2.64339709578697,2
2.74436441490614,5.0431356243929,2
2.50277218534359,3.64984039457597,2
1.17179031397444,1.04131061086396,2
3.67969641183277,2.52248043046715,2
-3.09280499914893,0.477975317123378,1
3.69997831633667,2.8977382377033,2
2.02496632038787,3.77436089866268,2
1.92494290384918,2.01606141661756,2
2.4687739753915,1.58924252871792,2
2.14194300402154,4.38136259156552,2
2.14339892235227,1.93890702245279,2
-3.37766438343373,3.9985622691705,1
-3.71289712517796,3.23548097503609,1
3.11328661868703,3.96912543502387,2
1.69379665853752,4.10279949811105,2
1.1235430700911,4.25390155502453,2
1.99215210083645,4.35963943753854,2
-3.30093548673734,3.32494166115694,1
-4.69278568567007,3.188937125966,1
2.20906285073233,1.94907178903502,2
2.66717412116052,1.66854996683759,2
2.79469235648569,2.33847870237976,2
2.89274126542073,2.85060224976213,2
1.49915628699918,1.91399993658744,2
2.17427288017657,3.91511751608009,2
-3.50834880542884,2.12543453194297,1
-3.13543148203377,3.37451107321741,1
1.29015931201266,3.95747280238161,2
1.38353619934731,1.69962289422898,2
3.12988116257594,4.12518337330846,2
2.22747842982137,0.680721966132332,2
2.24115883162133,3.25273890146926,2
-0.770441820108507,4.66288187070914,1
2.44160783459263,3.61098178806574,2
1.96293621539108,4.00636668137431,2
3.24728669616574,2.39126371329253,2
-2.98725783538973,3.32821369846102,1
3.8729077814795,4.21701749361735,2
-2.87767236064622,1.53793545668434,1
-3.11615261411839,4.10186354177462,1
-3.66812505107469,1.44976573886685,1
2.82864035859109,2.45134087285061,2
3.96651062744017,5.8850325377373,2
2.14399045491109,3.56173212263138,2
2.76146764187743,2.90007248635888,2
-2.16667114482427,4.07664224713197,1
-1.07780675969046,2.73181047742285,1
3.16387660066617,3.683989855135,2
-3.57365515569531,2.62094525816905,1
-3.19690177466674,0.40925299957436,1
-3.24613045693456,3.51962639668901,1
-2.35842712786778,2.43737178573439,1
2.49605277926935,2.36903758026827,2
2.86793750109177,3.00417692410146,2
1.84265708530275,4.4768060224806,2
-2.87634667016105,3.32500766271535,1
3.24136006042508,3.92596563796598,2
-2.59960675644847,3.69197072804252,1
1.84571012139291,3.11175823940937,2
-1.52883562593873,3.73823296212711,1
2.51349631156839,2.84785198798211,2
1.58346533297845,1.62575652153235,2
4.20968856126164,3.38239876863689,2
-3.66810098994666,0.494404974911232,1
0.718963739847476,1.915169900687,2
0.246867551431783,2.93450452209257,2
3.1511259695467,2.82316456047846,2
-3.03283262560277,2.53760232762568,1
2.22444064302772,4.08745011796148,2
-2.21037302737095,1.82342482978051,1
-2.96648406179076,0.124992186283379,1
0.891939825055313,3.85849708742837,2
-4.44978379604199,3.04961558090948,1
2.15930008176902,2.88066192521268,2
2.67472552733132,2.56965325892194,2
-4.77777756077723,1.14430054523855,1
2.79052448094708,1.95202509933315,2
-2.07769364252639,3.55815552331373,1
-1.20526263679329,3.02069770890739,1
2.66471401857395,1.43919858905581,2
2.70495384080024,3.65798912448746,2
-1.89539637327419,3.86501758391755,1
-2.51914076916893,2.85190364950754,1
2.42028565262119,2.98197483062314,2
-2.3840155355972,4.5500544490586,1
-1.75582663595161,3.43432256868249,1
-2.93129060352769,4.34186264087971,1
-2.99952895191123,2.95041506583973,1
-3.36516207675571,4.62743662932266,1
1.54224271672813,2.91674783463837,2
2.82679997133864,4.00952330291951,2
4.04737222568517,2.62074341488335,2
1.53114043113557,1.81529707834069,2
-2.68844042625946,4.10176520009411,1
1.46999883854408,5.52560444484847,2
-1.5919135581395,2.64153407300498,1
-2.81738186470813,4.61574174138225,1
2.67900396654042,2.73940017350876,2
2.84802818772918,4.01584242967947,2
1.44572097872556,1.91188901262845,2
-2.6047442881107,3.30321090611538,1
-2.72834261709453,2.15997279708286,1
3.17535556242754,1.51267681738003,2
1.26675530649369,3.7205268512508,2
1.30003845557722,4.77061143639045,2
-1.73413342338389,2.1326423375343,1
-3.08809786128298,2.0277362762214,1
1.83970417002442,1.82023392702706,2
-2.38698647780266,2.49604492040738,1
2.17960120031396,3.73221171713605,2
4.36638149693879,3.7834510336606,2
-2.2404685442322,3.48724965024908,1
-2.33843992908193,3.8355460432651,1
-1.56892509066465,2.48423456737896,1
2.44005325074038,2.81001902432778,2
-2.45126029992255,3.75025488932439,1
1.42712459926604,2.6902649389343,2
-4.79297143048067,1.942215168675,1
-3.70720685006434,1.48458484079419,1
-2.38589057020281,5.96734530030219,1
1.46670292089462,1.13031343888077,2
3.18880775234206,3.03224831807362,2
-1.77491698232514,5.12774576976636,1
-2.28261978906091,3.92126196269576,1
2.29834326838162,2.79611903580687,2
-3.86568986058868,3.58666209554083,1
2.19106239132284,4.96345186621624,2
-2.95290288653723,3.20859060181314,1
3.16322914451979,2.37400373659474,2
3.8086295367487,4.59708223902933,2
3.0010403098945,5.05589279782185,2
1.37171146480263,1.9169896168887,2
-0.829002694601834,3.7906324402948,1
3.51035303245212,3.14228202665409,2
-2.27647878412554,3.7718054397827,1
0.293515406790378,3.57936761507619,2
1.54541438144684,2.97743559114994,2
2.43142693278976,3.48207615203767,2
-1.73869409843473,1.66841857772831,1
1.32009580004171,1.45513806178821,2
5.71119895676729,3.79282407293024,2
-0.0538248509508272,3.0946390536044,2
2.26406605066594,2.85522125445069,2
-2.75956264326143,1.15634282316618,1
-3.16336691661919,2.37355221015508,1
-2.81899071082615,3.2114256659862,1
3.24239515757232,2.4650447871719,2
1.62570732421423,3.08941241429326,2
0.417186233696722,3.42338697146273,2
-2.40623209718978,2.848747831858,1
-2.5018198120028,3.470352420163,1
-2.51310065237157,2.7326291066067,1
-1.8320319254419,2.64981188936072,1
2.48683229704784,2.72048296714119,2
3.2760470304763,3.70277617317937,2
-4.51073533263526,3.90317192148269,1
1.3718195050282,5.56902699524015,2
2.84879957158572,1.91836168662783,2
2.14710151790308,2.22179681599312,2
3.44477459791762,3.70856401148491,2
1.49528014747354,4.80143186294083,2
-1.77609726750315,4.34931299213074,1
-3.16883274099036,2.48552381983611,1
1.3869598062842,2.25394582988821,2
-2.84280518936695,4.86604249846348,1
2.54977932316874,4.69713153509797,2
1.27231803847446,3.23598035126704,2
1.73599408917255,4.87075712532755,2
-3.74618206161788,2.99121448738732,1
-1.48322602224023,2.10030959871695,1
3.22361262405886,2.9443288126881,2
1.46747286289489,3.08791319520394,2
3.05734600412276,1.28447179231655,2
-2.75558142309952,2.81135224757908,1
-3.61339175714667,2.53953219788443,1
2.9211974396148,3.54041549983648,2
2.17704968815363,2.41564872564587,2
3.38017990119152,3.53044212950839,2
-2.6948636067759,3.58992014405426,1
-1.31194501789622,2.69274337135521,1
-3.00976451176795,2.95214200882936,1
2.71954801087329,5.61966682115547,2
2.87029442136456,4.70283422469118,2
-2.22089160626939,4.71023819838188,1
2.70194243731332,3.0639223531253,2
2.48700345756866,2.07624319292012,2
-2.59086500607749,3.62823579352103,1
3.86503136531884,3.07265256081936,2
3.40813056888317,6.94312544222299,2
1.89011182859809,0.874914890983605,2
-1.10356277878055,2.77688424532943,1
2.64479837330845,4.63208672470042,2
1.8593932284047,0.691631959819044,2
-2.33019774044147,2.71438646733756,1
-2.65718748742084,3.3674747294759,1
2.6009395945461,2.75839864920346,2
1.52660584585172,1.97505101638198,2
-3.3198252752532,2.86553575987377,1
-1.13708103097457,4.47238126580794,1
3.46137093053128,1.5168356909512,2
-3.38372447440111,4.55631929696098,1
1.59990788456368,4.00545384006615,2
-0.77666686720317,1.63964328965735,1
-0.590957837871067,1.34916360985791,1
1.72285880414474,3.03799255228619,2
-3.80230526261311,3.31492960994296,1
5.12349516681868,4.30482890323017,2
-2.27037108565319,2.9586956909732,1
2.68674989214189,3.46240875337092,2
2.57613663495028,4.41817113057704,2
3.90486018632133,4.28775810360958,2
-2.69172223533632,3.90870301949318,1
3.95939216415609,3.35630877159953,2
-2.72065545113454,3.4190454526,1
3.00514588627314,4.32288154107262,2
1.46650299392712,4.21242632580535,2
2.67047347145922,2.93233356602294,2
-1.29933183910807,3.40104890539536,1
2.33659408523426,4.86180752998435,2
3.78247586312264,4.61850371371918,2
5.22719638791127,1.92502757252147,2
3.44192421733092,4.59302184204013,2
2.25138596272044,2.90555877334895,2
-2.40352114029352,1.2688532181812,1
-2.93393094130174,4.42172377541336,1
4.67866786745157,3.09291453112449,2
-5.45877961913012,4.0637505961281,1
-2.41911176080089,5.13302429363872,1
2.61013780461722,4.1878599019822,2
-2.28655167368735,2.61104712048353,1
0.942180387367678,2.85158456280958,2
2.71621154625776,1.91415432336175,2
-2.31233618297356,2.09612103933357,1
3.7586221252136,3.5384840147662,2
3.02351778090896,2.67079479519957,2
-1.38454572252004,3.72408038843179,1
1.54249775782953,3.91565050463787,2
2.37559442014457,3.39980958734496,2
2.69173782904997,2.56148977552135,2
2.77221725060335,1.35227701154373,2
-3.19381446367325,3.12609099279971,1
-1.02082807914787,1.85840172092971,1
-3.11176702164277,3.71057675838772,1
-4.11430997435935,3.85012994006444,1
2.90249011059067,3.34761557393246,2
-1.83544455271052,1.85807589272194,1
-1.55587292900506,2.16934898090226,1
1.55373920229171,2.45934525933816,2
-2.7482884492389,3.16194831961863,1
1.17156353146092,5.59215334761386,2
3.34476374209892,1.98726435618351,2
-2.15230326756135,0.627467438470268,1
3.41376258643111,2.86755994548257,2
-1.89172544661932,2.07683123747992,1
-3.10754798780449,0.610316100413738,1
2.67965807087184,2.03826122623028,2
0.591590580582623,2.58906271620725,2
3.0029462576891,1.78758251669393,2
-1.5311008465215,3.78722584672979,1
-3.37573712577333,3.99840433625259,1
0.363975461301995,2.64271435283635,2
-4.02282758158501,1.37025547449008,1
-3.61311820788607,3.6535882527499,1
-1.2590161044641,2.0596378441685,1
2.50348193506299,2.0870907097042,2
-3.73779458599307,3.16401749646057,1
-1.94430088110197,1.92623935447755,1
-4.6831493493599,2.67584715157797,1
2.25297554290275,2.15192759260312,2
3.61285692758645,3.43151207778662,2
2.15832676299091,2.06906350462706,2
-1.19456165785893,2.0718640759765,1
4.29532387144079,1.9419227112829,2
-3.66783522747345,3.0121546186922,1
1.34771237501798,4.33644386196403,2
1.58554453065435,2.02223363268789,2
3.02872803253363,3.23991138759126,2
-1.66492107295142,2.27827130043226,1
3.70913697409153,1.80263256799127,2
-1.20052745463918,4.20024398791847,1
-1.42426769579011,2.37384994617642,1
-1.5601989764857,4.78289114364966,1
2.66337469340677,2.24431270985789,2
1.61186144135961,3.7226963739255,2
1.77383901724365,4.22176143675817,2
2.90759700561374,5.35479280307296,2
4.18353633925179,2.08593100995436,2
-0.794020176435387,3.08404644181795,1
0.573833299173919,4.02940689081896,2
-3.33399801522846,2.44816662684871,1
-1.08086748366681,3.6543388102363,1
-3.56410971501924,2.52628371394999,1
0.886422527519552,1.75332704205993,2
-1.90018891130257,0.539111284253407,1
4.23296470538705,3.56610352968746,2
4.43450456245773,2.62390217332079,2
-1.96717942432921,4.88966517170122,1
3.21966575601978,1.77198430047624,2
3.06009338575518,2.46267241892087,2
-2.51808693165997,3.88806552274853,1
-5.87173908255051,2.71289038416214,1
3.26070324475976,3.53686590960924,2
-2.89122685224321,4.48806220306646,1
-1.49009877618815,5.39449715044018,1
-3.12697314707375,3.05652582232752,1
0.865422630498136,2.07809501024104,2
3.74524265203048,1.80692348976074,2
-2.3186225534446,2.39881395401932,1
0.995304263985599,2.53083932482482,1
3.41559191332691,1.66790268906024,2
-1.45149348257376,3.65757229755693,1
3.26382493693486,4.56628536799233,2
-3.1033873768594,2.51237151188582,1
2.12957033729722,1.85563318775828,2
-1.44017406166635,1.59871321375203,1
-1.44488947016061,3.84716677321298,1
3.08297216112032,3.03467488417418,2
-3.48656743553954,0.904659773417906,1
4.18462181174398,2.86386930513987,2
1.13315895431737,3.00036121493478,2
2.06678565138889,2.07184382079826,2
4.82505849371513,1.65653329252818,2
3.02412218115109,2.50171540702294,2
-1.52926658359141,2.22744807559076,1
2.87697339715261,2.25818157596636,2
-3.49593339654216,0.466674490465502,1
1.90251708695195,2.83573380473884,2
-2.33474857691985,4.04355854896714,1
-0.428477178577567,4.27199870657592,2
1.65208577342145,5.28178773448738,2
-1.70141548777655,3.2918189673536,1
2.20154401203478,1.84279578794549,2
-2.78361137694537,3.55257645984049,1
-1.63048069335124,4.20982952543405,1
1.95564471530102,5.07515531345559,2
-1.8711967646224,3.89237885075833,1
-3.92233445794539,4.56006818967336,1
1.27248736666572,3.48308689187325,2
0.825894484255568,1.59474823053879,2
2.58439848224488,2.05248947426741,2
2.2938743360296,5.0756844624682,2
3.94187164028206,3.77449604450119,2
-2.54178210338536,2.26550742213477,1
3.85375447776378,2.22371422373713,2
-0.554774724077166,1.98720956209419,1
2.00906176629186,3.16332062119563,2
-2.11156092505539,2.72498090275395,1
1.65510674081402,1.96405415047757,2
3.23799036787109,4.33561892050282,2
-3.57976033128386,3.02042307630025,1
1.47352612375637,3.8336148694033,2
2.78879336157888,2.58193103000439,2
2.59081131928717,3.19244358468194,2
2.76262317671122,4.13687563992724,2
2.56933491279125,3.74329639497572,2
-3.02864381885682,4.03540936720383,1
-2.63020216451877,0.990706920234657,1
4.12015874435582,3.19492481942622,2
-2.51789512332347,2.789011351858,1
-3.81848939894929,2.28478141898919,1
-3.34456016058128,2.383234024614,1
1.39818512750889,4.84334237262994,2
1.5999098569925,3.47358806048316,2
-3.76108391982248,2.84093271760703,1
-5.1258489024829,4.03292828335851,1
-1.83093425080943,2.39995357552438,1
-1.83995849076922,3.15273539953721,1
2.24939956460889,4.59154854468781,2
1.77620268304618,2.63410910523441,2
-3.31218163232941,2.12092810051046,1
-2.10126566398159,2.39687798035435,1
2.72656357387938,1.84412417502864,2
-2.07835642024679,3.27792874013666,1
-2.4951620562759,3.36064803939483,1
-1.88101608490348,3.94123964053955,1
-2.06886605551407,4.98193849879024,1
3.05831237018722,4.54576489292361,2
2.99596128067201,1.62412902645077,2
4.16188574094578,5.19901973992003,2
1.4449653877955,3.15320633635136,2
4.00832468678,2.5746639862163,2
-2.83420865665507,5.04119925948782,1
-2.56498074381844,3.47174092292391,1
2.5810815387134,4.90386915354875,2
-2.94821479553884,2.95212395844675,1
-0.0538069502659657,2.19580561104874,2
-2.81293253511901,0.837439516157307,1
-2.4586168479597,4.23955184670737,1
0.762271938662381,2.02310717272247,2
-1.95006034030162,3.95849518643119,1
1.90272630740668,3.13188292327798,2
3.94774180603655,3.51967843928374,2
-2.23513188573574,4.39330390080206,1
1.71121719221753,2.46615198315841,2
2.66773222067153,2.49231305519722,2
2.75758310820126,2.74506582899336,2
3.41204736745031,4.16638914968201,2
2.34312761744513,2.4777357250486,2
0.466624291552913,2.80693869094651,2
1.20033417692142,3.87595694899806,2
1.64274934007096,3.85661984743838,2
2.92626529453619,3.8764828228707,2
-2.78483626308475,3.05395673011997,1
-3.11436854196986,3.8388742283183,1
-3.34489083215748,3.31459237660004,1
2.65369495721887,2.30390345803189,2
-3.35143227577819,4.98482292888121,1
2.10207892705711,0.950687929684327,2
1.56002277371905,3.93008121933436,2
-3.88825374141942,3.37583445118407,1
-1.5448154111366,3.02505536675782,1
-3.81749547003238,2.32746001270869,1
2.57302914615962,2.71342055027777,2
-3.06818584856837,4.98623734610734,1
-3.55845066878383,2.89330080629598,1
2.75931353841707,2.57706463023644,2
-2.12686549548084,2.03380164324448,1
-1.23533323071585,2.45486362586939,1
-2.17477500393173,2.9072783010681,1
-2.63846731950831,1.50650572623951,1
5.1024688972798,4.25696759844378,2
-3.15028442848791,3.10760974119191,1
-3.50318322831336,4.61152313145644,1
1.96488608712552,4.08947943799672,2
-2.61041456677679,4.5558254257945,1
-1.89956983068643,1.53051245375532,1
-2.08415494040132,3.63754200223259,1
2.39424935332301,2.60199666427149,2
1.64343746175388,2.94846230538304,2
3.62732733432216,2.34057478144705,2
-1.58371837855155,3.23661494254512,1
-3.22437959272436,3.10299463402694,1
-1.81322091242526,0.668182143355518,1
2.95008579164461,3.93768739770717,2
-1.45477839389496,3.16981202954459,1
-2.35037096556256,1.93095219577404,1
-3.64106715320069,1.78842938048455,1
3.30249940241966,2.24073062287319,2
1.77128346903055,1.25800158556763,2
3.02720928572848,3.15154267316522,2
-0.82652122778769,4.65257835045911,1
1.08117197972917,3.2121697458631,2
-0.938089198831107,3.57987020797621,1
3.85316100891808,1.36847307967738,2
1.97130322330844,1.30687920435965,2
2.24872722452072,2.01392382439424,2
-3.1858476862925,3.79317697772304,1
1.92963234774588,2.0270478608448,2
3.07963138154616,3.61445837827941,2
1.60104099474789,2.75938874466908,2
-2.69032988791278,3.42198583062526,1
2.35609662265354,1.85696787872847,2
-2.59657265128756,1.95610852657209,1
-2.31855328427764,2.8854229506182,1
-0.903425790813685,2.7704177870037,1
2.04866826010654,1.03239678522261,2
1.70511977519918,3.59079286319516,2
3.29228434965229,0.855334322897876,2
-2.11952770023897,2.54324209229146,1
-2.26421201700755,3.06064263765232,1
-1.90901173647959,2.22780030900235,1
-3.91193020207889,1.45577706416863,1
-1.43670420770888,2.56129367601823,1
-2.04608212110241,2.87853602047871,1
-1.54868702298021,1.98351370359926,1
-3.09851771340152,1.50703269954267,1
0.658059949653863,1.68593506897358,2
2.01541046685207,2.41866344278343,2
-3.4068468150234,2.50211042460696,1
-0.277237552595623,4.56143371247747,1
2.08653342362382,1.58575074103271,2
2.28432615329536,3.41926383329818,2
3.56297852007115,2.54078453879245,2
3.12034652658024,3.10214756286651,2
3.173066651879,2.27005701064616,2
5.13370956294833,3.88311012845831,2
2.66611439867297,1.12660909006599,2
-0.59482446246574,3.16929777982133,1
2.75371840131308,3.0286830499135,2
-3.9590219672543,4.16144971699362,1
-4.72724824128035,2.75308617421445,1
-1.85031644883227,3.54625602831034,1
-3.49924986476856,3.43959735010052,1
2.54197238367631,2.28839597424596,2
4.27704370004004,2.90786095873371,2
-2.15281732266279,2.85301667998953,1
-2.78709744614979,4.23156424102161,1
-4.42457665210911,3.26314306984086,1
1.69935089066009,3.31966243744364,2
1.92438202927338,5.5779615602605,2
-1.81579426732964,3.45792792362504,1
2.98345734761714,3.39872918565621,2
2.51396340870738,3.58485088802373,2
2.68024373462512,4.70284646217379,2
2.2118767516915,4.05763713066635,2
-2.46977277710977,3.37227979646711,1
2.77167410852949,2.32795169530398,2
-2.05084157258657,3.39275725545122,1
-0.67237234156961,3.15565954786491,1
-3.61202371088381,0.980079521843485,1
-1.02519256841629,1.30486584896678,1
-1.82848753985561,1.02617884914035,1
-4.04532854371443,4.55596639930461,1
2.22295277200889,3.68017168093707,2
1.87065700802802,0.414499074080792,2
-3.43300045161975,3.51373474470353,1
0.962113515771742,3.07021513195786,2
2.00589795040005,2.7181135139977,2
-2.9353600152702,2.18102575792129,1
2.17645532371977,1.60407219580135,2
0.438886381083815,3.94889080872387,2
-2.05849744490446,2.36537186091328,1
3.24635124656637,2.85450591688097,2
-1.71035712617531,3.64551091064679,1
3.27074050703954,3.58850030469736,2
-2.29949368216963,2.56724906933602,1
3.96835003167775,2.4053296410697,2
1.62354451605925,3.28539600675804,2
1.27339530627889,1.70389336289025,2
-2.16216208002542,3.33675232640354,1
2.94082408725415,3.19082935203239,2
